IRGC_ID,COUNTRY,LAT,LON,bdodmean,cecmean,cfvomean,claymean,nitrogenmean,phh2omean,sandmean,siltmean,socmean,ocdmean,T_ESP,T_ECE,S_ESP,S_ECE,pawc,moist
IRGC_10214,Vietnam,16.472778,106.660556,1.3,17.7,16.1,46.4,0.73,5.7,27.1,26.5,8.2,9.8,1,0.1,2,0.1,249.1390076,62
IRGC_10233,Vietnam,16,106,1.37,13.9,11.6,30,0.67,5.7,37,33,6.8,10.3,1,0.1,2,0.1,245.8500061,62
IRGC_109210,Myanmar,16,95,1.02,27.5,15.5,33.1,1.85,6.2,23.6,43.3,39.3,17.7,17,0.1,15,0.1,234.3130035,200
IRGC_111372,Myanmar,20.94463483,96.51316183,1.33,17.5,23.5,38.3,0.86,6.2,30.2,31.5,7.7,7.6,1,0.1,2,0.1,249.1390076,62
IRGC_111373,Myanmar,20.94463483,96.51316183,1.33,17.5,23.5,38.3,0.86,6.2,30.2,31.5,7.7,7.6,1,0.1,2,0.1,249.1390076,62
IRGC_11462,Thailand,16,103,1.52,15.8,20,37.2,0.39,5.8,36.1,26.7,4.5,6.7,3,0.1,4,0.1,235.0130005,110
IRGC_117398,India,21.127778,82.800556,1.67,29.2,23.1,42.2,0.52,7.2,22.8,35,3.4,6.2,1,0.1,1,0.1,220.5570068,110
IRGC_122298,Indonesia,-4.8133889,104.7520944,1.25,17.4,6.1,59.1,0.61,5.2,14.9,26,53.6,8.3,2,0.1,2,0.1,239.628006,110
IRGC_12440,India,25.51667,90.2,1.29,16.5,22.4,37.7,1.03,5.2,36,26.3,8.3,7.5,1,0.1,1,0.1,241.947998,110
IRGC_12931,Laos,15.383056,106.2,1.27,16.6,21.8,33.3,1.31,5.4,36.3,30.4,8.3,9.4,2,0.1,2,0.1,233.7779999,98
IRGC_14975,Vietnam,11.616389,106.649722,1.28,13.5,16.5,37.7,0.9,5.4,28.9,33.5,8.3,9,1,0.1,2,0.1,233.2449951,110
IRGC_16724,Vietnam,16.472778,106.660556,1.3,17.7,16.1,46.4,0.73,5.7,27.1,26.5,8.2,9.8,1,0.1,2,0.1,249.1390076,62
IRGC_16800,Vietnam,16.472778,106.660556,1.3,17.7,16.1,46.4,0.73,5.7,27.1,26.5,8.2,9.8,1,0.1,2,0.1,249.1390076,62
IRGC_16871,Vietnam,11,108,1.4,18.8,7.7,39.3,0.55,6.5,28.2,32.5,3.8,10.6,1,0.1,1,0.1,225.4429932,110
IRGC_16872,Vietnam,16.472778,106.660556,1.3,17.7,16.1,46.4,0.73,5.7,27.1,26.5,8.2,9.8,1,0.1,2,0.1,249.1390076,62
IRGC_19928,India,21.127778,82.800556,1.67,29.2,23.1,42.2,0.52,7.2,22.8,35,3.4,6.2,1,0.1,1,0.1,220.5570068,110
IRGC_20224,India,25,93,1.19,16.7,27.2,35.9,2.95,5.2,28.8,35.3,7.2,8.4,1,0.1,1,0.1,221.9219971,200
IRGC_20282,India,25.83333333,93.43333333,1.41,16.4,22.5,45.9,1.49,5.7,29,25.1,13.5,7.1,2,0.1,2,0.1,241.3040009,110
IRGC_20297,India,25.83333333,93.43333333,1.41,16.4,22.5,45.9,1.49,5.7,29,25.1,13.5,7.1,2,0.1,2,0.1,241.3040009,110
IRGC_20334,India,26,94,1.26,17.3,29.5,39.4,3.36,5.3,27.2,33.4,9,8.6,1,0.1,2,0.1,249.404007,62
IRGC_20354,India,26,94,1.26,17.3,29.5,39.4,3.36,5.3,27.2,33.4,9,8.6,1,0.1,2,0.1,249.404007,62
IRGC_20380,India,27,94,1.36,16,16.5,31.1,4.82,5.7,40.5,28.4,6.8,8.1,1,0.1,2,0.1,241.6880035,110
IRGC_20405,India,25.83333333,93.43333333,1.41,16.4,22.5,45.9,1.49,5.7,29,25.1,13.5,7.1,2,0.1,2,0.1,241.3040009,110
IRGC_20428,India,25.83333333,93.43333333,1.41,16.4,22.5,45.9,1.49,5.7,29,25.1,13.5,7.1,2,0.1,2,0.1,241.3040009,110
IRGC_21324,India,26,91,1.39,16.3,14.3,38.4,2.32,6,29.4,32.2,12.3,6.3,1,0.1,2,0.1,246.1519928,110
IRGC_21336,India,25.51667,90.2,1.29,16.5,22.4,37.7,1.03,5.2,36,26.3,8.3,7.5,1,0.1,1,0.1,241.947998,110
IRGC_21852,India,27,95,1.34,13.3,12.3,28.1,2.89,5.4,39.7,32.2,10.5,6.8,2,0.1,2,0.1,241.3040009,110
IRGC_21874,India,27,95,1.34,13.3,12.3,28.1,2.89,5.4,39.7,32.2,10.5,6.8,2,0.1,2,0.1,241.3040009,110
IRGC_22108,India,26,94,1.26,17.3,29.5,39.4,3.36,5.3,27.2,33.4,9,8.6,1,0.1,2,0.1,249.404007,62
IRGC_22922,Cambodia,11.98333,105.45,1.34,18.5,12.5,32,0.92,5.6,27.2,40.8,6.5,12.9,2,0.1,3,0.1,238.602005,200
IRGC_24108,Thailand,13.039444,101.491944,1.44,14.8,12.1,33.7,0.42,6,31.5,34.8,4.9,8.6,3,0.1,2,0.1,244.2519989,98
IRGC_24224,Thailand,13.039444,101.491944,1.44,14.8,12.1,33.7,0.42,6,31.5,34.8,4.9,8.6,3,0.1,2,0.1,244.2519989,98
IRGC_25928,Bangladesh,24.83333,91.83333,1.36,16.6,11.8,28.7,1.23,5.6,49.3,22,12.4,8.7,2,0.1,2,0.1,230.4100037,200
IRGC_27642,Thailand,14.98098321,101.0027948,1.55,28.1,20.2,48.9,0.57,6.6,22.4,28.7,4.9,7.2,1,0.1,2,0.1,209.7740021,52
IRGC_27664,Thailand,19,99,1.4,10.2,25.4,36.3,0.42,5.7,41.5,22.2,4.5,5.6,1,0.1,2,0.1,237.2030029,200
IRGC_27674,Thailand,14.98098321,101.0027948,1.55,28.1,20.2,48.9,0.57,6.6,22.4,28.7,4.9,7.2,1,0.1,2,0.1,209.7740021,52
IRGC_27684,Thailand,14.98098321,101.0027948,1.55,28.1,20.2,48.9,0.57,6.6,22.4,28.7,4.9,7.2,1,0.1,2,0.1,209.7740021,52
IRGC_27688,Thailand,14.98098321,101.0027948,1.55,28.1,20.2,48.9,0.57,6.6,22.4,28.7,4.9,7.2,1,0.1,2,0.1,209.7740021,52
IRGC_27690,Thailand,19,97,1.28,14.2,28.3,38.7,0.83,5.6,33.9,27.4,8,7.1,1,0.1,2,0.1,249.1390076,62
IRGC_27704,Thailand,14.98098321,101.0027948,1.55,28.1,20.2,48.9,0.57,6.6,22.4,28.7,4.9,7.2,1,0.1,2,0.1,209.7740021,52
IRGC_27706,Thailand,14.98098321,101.0027948,1.55,28.1,20.2,48.9,0.57,6.6,22.4,28.7,4.9,7.2,1,0.1,2,0.1,209.7740021,52
IRGC_27712,Thailand,14.98098321,101.0027948,1.55,28.1,20.2,48.9,0.57,6.6,22.4,28.7,4.9,7.2,1,0.1,2,0.1,209.7740021,52
IRGC_27714,Thailand,14.98098321,101.0027948,1.55,28.1,20.2,48.9,0.57,6.6,22.4,28.7,4.9,7.2,1,0.1,2,0.1,209.7740021,52
IRGC_27718,Thailand,18,99,1.34,17.7,23.1,37.6,0.63,6.2,40.1,22.3,8.4,7.3,1,0.1,2,0.1,249.1390076,62
IRGC_27720,Thailand,14.98098321,101.0027948,1.55,28.1,20.2,48.9,0.57,6.6,22.4,28.7,4.9,7.2,1,0.1,2,0.1,209.7740021,52
IRGC_27721,Thailand,14.98098321,101.0027948,1.55,28.1,20.2,48.9,0.57,6.6,22.4,28.7,4.9,7.2,1,0.1,2,0.1,209.7740021,52
IRGC_27754,Thailand,14,102,1.46,17.6,7.6,38.1,0.63,6.5,30.1,31.7,4.2,7.6,2,0.1,2,0.1,249.1390076,98
IRGC_27762,Thailand,13.039444,101.491944,1.44,14.8,12.1,33.7,0.42,6,31.5,34.8,4.9,8.6,3,0.1,2,0.1,244.2519989,98
IRGC_30238,Thailand,13.039444,101.491944,1.44,14.8,12.1,33.7,0.42,6,31.5,34.8,4.9,8.6,3,0.1,2,0.1,244.2519989,98
IRGC_31,Malaysia,2.030278,109.6425,1.15,13.9,13.6,40.2,0.8,5.4,33.7,26.1,31.7,8.7,3,0.1,6,0.1,257.947998,80
IRGC_32029,Thailand,17,99,1.39,12.6,14,34.6,0.62,6.2,35.4,30,5,9,1,0.1,2,0.1,244.2519989,98
IRGC_32033,Thailand,17,99,1.39,12.6,14,34.6,0.62,6.2,35.4,30,5,9,1,0.1,2,0.1,244.2519989,98
IRGC_32035,Thailand,14.98098321,101.0027948,1.55,28.1,20.2,48.9,0.57,6.6,22.4,28.7,4.9,7.2,1,0.1,2,0.1,209.7740021,52
IRGC_32178,Vietnam,16,106,1.37,13.9,11.6,30,0.67,5.7,37,33,6.8,10.3,1,0.1,2,0.1,245.8500061,62
IRGC_32189,Vietnam,16.47277778,106.6605556,1.3,17.7,16.1,46.4,0.73,5.7,27.1,26.5,8.2,9.8,1,0.1,2,0.1,249.1390076,62
IRGC_32210,Vietnam,16.47277778,106.6605556,1.3,17.7,16.1,46.4,0.73,5.7,27.1,26.5,8.2,9.8,1,0.1,2,0.1,249.1390076,62
IRGC_32576,Vietnam,16.472778,106.660556,1.3,17.7,16.1,46.4,0.73,5.7,27.1,26.5,8.2,9.8,1,0.1,2,0.1,249.1390076,62
IRGC_33074,Myanmar,18.683611,96.683056,1.38,20.6,22.9,32.8,0.79,5.5,36.6,30.6,11.1,6.5,2,0.1,2,0.1,220.6580048,164
IRGC_33085,Myanmar,18.683611,96.683056,1.38,20.6,22.9,32.8,0.79,5.5,36.6,30.6,11.1,6.5,2,0.1,2,0.1,220.6580048,164
IRGC_33176,Myanmar,16.66667,94.83333,1.29,25.8,18,37.9,2.21,6.6,25.3,36.8,33.9,15.1,2,0.1,2,0.1,260.0100098,200
IRGC_33189,Myanmar,18.683611,96.683056,1.38,20.6,22.9,32.8,0.79,5.5,36.6,30.6,11.1,6.5,2,0.1,2,0.1,220.6580048,164
IRGC_33562,Myanmar,18.683611,96.683056,1.38,20.6,22.9,32.8,0.79,5.5,36.6,30.6,11.1,6.5,2,0.1,2,0.1,220.6580048,164
IRGC_33888,Myanmar,18.683611,96.683056,1.38,20.6,22.9,32.8,0.79,5.5,36.6,30.6,11.1,6.5,2,0.1,2,0.1,220.6580048,164
IRGC_37764,Bangladesh,23.611667,90.339722,1.35,18.6,8,45.3,1.27,5.7,24.1,30.7,24.3,9.2,2,0.1,2,0.1,230.4100037,200
IRGC_40673,Thailand,16.443889,100.347778,1.45,18.1,9.6,40.6,0.42,6.4,23.9,35.5,7.8,7.2,2,0.1,3,0.1,238.602005,200
IRGC_43249,India,24.999722,94.499722,1.22,17.8,32.8,30.6,5.25,5.5,33,36.4,11.4,8.1,1,0.1,2,0.1,267.2160034,62
IRGC_43322,Indonesia,-3.294722,104.141944,1.25,22.8,6.7,54.3,0.96,5.1,16.5,29.3,105.3,11.3,2,0.1,2,0.1,191.5509949,200
IRGC_43369,Indonesia,-3.294722,104.141944,1.25,22.8,6.7,54.3,0.96,5.1,16.5,29.3,105.3,11.3,2,0.1,2,0.1,191.5509949,200
IRGC_43400,Indonesia,-1.223333,100.447778,1.13,14.5,8.3,48.2,1.04,5.1,22.2,29.6,112.4,10.7,1,0.1,1,0.1,211.8679962,110
IRGC_44040,Thailand,14.98098321,101.0027948,1.55,28.1,20.2,48.9,0.57,6.6,22.4,28.7,4.9,7.2,1,0.1,2,0.1,209.7740021,52
IRGC_44041,Thailand,14.98098321,101.0027948,1.55,28.1,20.2,48.9,0.57,6.6,22.4,28.7,4.9,7.2,1,0.1,2,0.1,209.7740021,52
IRGC_44513,Philippines,12.862778,121.243056,1.19,22.7,18.6,35.6,1.09,5.6,36.4,28.1,12.4,9.7,1,0.1,2,0.1,251.2030029,110
IRGC_44600,Philippines,18.078611,120.514167,1.44,28.5,9,33.6,0.56,6.8,24.2,42.2,5.5,10.6,2,0.1,2,0.1,231.6779938,110
IRGC_45011,India,21.127778,82.800556,1.67,29.2,23.1,42.2,0.52,7.2,22.8,35,3.4,6.2,1,0.1,1,0.1,220.5570068,110
IRGC_46202,India,21.127778,82.800556,1.67,29.2,23.1,42.2,0.52,7.2,22.8,35,3.4,6.2,1,0.1,1,0.1,220.5570068,110
IRGC_46768,India,21.127778,82.800556,1.67,29.2,23.1,42.2,0.52,7.2,22.8,35,3.4,6.2,1,0.1,1,0.1,220.5570068,110
IRGC_47383,SriLanka,7.93333,81,1.35,22.3,11.9,35.6,1.24,6.1,28.2,36.2,15.8,10.3,2,0.1,3,0.1,243.7649994,200
IRGC_4803,India,21.127778,82.800556,1.67,29.2,23.1,42.2,0.52,7.2,22.8,35,3.4,6.2,1,0.1,1,0.1,220.5570068,110
IRGC_49227,Bangladesh,24.590556,91.718889,1.39,16,16.7,31.2,2.24,5.5,40.8,28,18.6,8.4,2,0.1,2,0.1,230.4100037,200
IRGC_51064,SriLanka,8.836111,80.478333,1.38,16.9,13.8,30.9,0.76,5.9,42,27.2,18.1,10.3,1,0.1,1,0.1,220.5930023,110
IRGC_51879,India,25.879722,85.803889,1.42,14.7,10.5,30,0.74,7.4,31.6,38.4,4.2,8,1,0.3,1,0.3,238.8240051,164
IRGC_52685,India,21.127778,82.800556,1.67,29.2,23.1,42.2,0.52,7.2,22.8,35,3.4,6.2,1,0.1,1,0.1,220.5570068,110
IRGC_53266,India,21.19,73.45694444,1.69,31.9,23,33.2,0.65,7.2,39.1,27.7,3.6,6.5,1,0.2,3,0.3,181.2420044,80
IRGC_53876,Cambodia,12.68480124,104.8742068,1.35,17.4,13.4,44.1,0.8,5.8,26.5,29.4,17.1,14.3,2,0.1,2,0.1,234.4600067,200
IRGC_53877,India,22.81923514,79.54023671,1.65,41.6,24.2,42.6,0.56,7.1,19.3,38.1,3.5,6.3,1,0.2,3,0.3,194.0509949,92
IRGC_53878,India,22.81923514,79.54023671,1.65,41.6,24.2,42.6,0.56,7.1,19.3,38.1,3.5,6.3,1,0.2,3,0.3,194.0509949,92
IRGC_53879,India,22.81923514,79.54023671,1.65,41.6,24.2,42.6,0.56,7.1,19.3,38.1,3.5,6.3,1,0.2,3,0.3,194.0509949,92
IRGC_53883,India,22.81923514,79.54023671,1.65,41.6,24.2,42.6,0.56,7.1,19.3,38.1,3.5,6.3,1,0.2,3,0.3,194.0509949,92
IRGC_53884,India,22.81923514,79.54023671,1.65,41.6,24.2,42.6,0.56,7.1,19.3,38.1,3.5,6.3,1,0.2,3,0.3,194.0509949,92
IRGC_53888,India,21,82,1.71,24.4,15.1,39.8,0.66,7.4,27.2,32.9,6.8,8.8,2,0.1,2,0.1,219.9459991,92
IRGC_53889,India,21,82,1.71,24.4,15.1,39.8,0.66,7.4,27.2,32.9,6.8,8.8,2,0.1,2,0.1,219.9459991,92
IRGC_53890,India,22.81923514,79.54023671,1.65,41.6,24.2,42.6,0.56,7.1,19.3,38.1,3.5,6.3,1,0.2,3,0.3,194.0509949,92
IRGC_53892,India,22.81923514,79.54023671,1.65,41.6,24.2,42.6,0.56,7.1,19.3,38.1,3.5,6.3,1,0.2,3,0.3,194.0509949,92
IRGC_53893,India,22.81923514,79.54023671,1.65,41.6,24.2,42.6,0.56,7.1,19.3,38.1,3.5,6.3,1,0.2,3,0.3,194.0509949,92
IRGC_53894,India,22.81923514,79.54023671,1.65,41.6,24.2,42.6,0.56,7.1,19.3,38.1,3.5,6.3,1,0.2,3,0.3,194.0509949,92
IRGC_53895,India,21,82,1.71,24.4,15.1,39.8,0.66,7.4,27.2,32.9,6.8,8.8,2,0.1,2,0.1,219.9459991,92
IRGC_53898,India,22.81923514,79.54023671,1.65,41.6,24.2,42.6,0.56,7.1,19.3,38.1,3.5,6.3,1,0.2,3,0.3,194.0509949,92
IRGC_53899,India,22.81923514,79.54023671,1.65,41.6,24.2,42.6,0.56,7.1,19.3,38.1,3.5,6.3,1,0.2,3,0.3,194.0509949,92
IRGC_53900,India,22.81923514,79.54023671,1.65,41.6,24.2,42.6,0.56,7.1,19.3,38.1,3.5,6.3,1,0.2,3,0.3,194.0509949,92
IRGC_53903,India,21,82,1.71,24.4,15.1,39.8,0.66,7.4,27.2,32.9,6.8,8.8,2,0.1,2,0.1,219.9459991,92
IRGC_53906,India,21,82,1.71,24.4,15.1,39.8,0.66,7.4,27.2,32.9,6.8,8.8,2,0.1,2,0.1,219.9459991,92
IRGC_53907,India,21,82,1.71,24.4,15.1,39.8,0.66,7.4,27.2,32.9,6.8,8.8,2,0.1,2,0.1,219.9459991,92
IRGC_53908,India,22.81923514,79.54023671,1.65,41.6,24.2,42.6,0.56,7.1,19.3,38.1,3.5,6.3,1,0.2,3,0.3,194.0509949,92
IRGC_53909,India,21.127778,82.800556,1.67,29.2,23.1,42.2,0.52,7.2,22.8,35,3.4,6.2,1,0.1,1,0.1,220.5570068,110
IRGC_53910,India,22.81923514,79.54023671,1.65,41.6,24.2,42.6,0.56,7.1,19.3,38.1,3.5,6.3,1,0.2,3,0.3,194.0509949,92
IRGC_53911,India,22.81923514,79.54023671,1.65,41.6,24.2,42.6,0.56,7.1,19.3,38.1,3.5,6.3,1,0.2,3,0.3,194.0509949,92
IRGC_53915,India,22.81923514,79.54023671,1.65,41.6,24.2,42.6,0.56,7.1,19.3,38.1,3.5,6.3,1,0.2,3,0.3,194.0509949,92
IRGC_53916,India,22.81923514,79.54023671,1.65,41.6,24.2,42.6,0.56,7.1,19.3,38.1,3.5,6.3,1,0.2,3,0.3,194.0509949,92
IRGC_53917,India,22.81923514,79.54023671,1.65,41.6,24.2,42.6,0.56,7.1,19.3,38.1,3.5,6.3,1,0.2,3,0.3,194.0509949,92
IRGC_53918,India,22.81923514,79.54023671,1.65,41.6,24.2,42.6,0.56,7.1,19.3,38.1,3.5,6.3,1,0.2,3,0.3,194.0509949,92
IRGC_53919,India,22.81923514,79.54023671,1.65,41.6,24.2,42.6,0.56,7.1,19.3,38.1,3.5,6.3,1,0.2,3,0.3,194.0509949,92
IRGC_53920,India,22.81923514,79.54023671,1.65,41.6,24.2,42.6,0.56,7.1,19.3,38.1,3.5,6.3,1,0.2,3,0.3,194.0509949,92
IRGC_53921,India,22.81923514,79.54023671,1.65,41.6,24.2,42.6,0.56,7.1,19.3,38.1,3.5,6.3,1,0.2,3,0.3,194.0509949,92
IRGC_53922,India,22.81923514,79.54023671,1.65,41.6,24.2,42.6,0.56,7.1,19.3,38.1,3.5,6.3,1,0.2,3,0.3,194.0509949,92
IRGC_53926,India,22.81923514,79.54023671,1.65,41.6,24.2,42.6,0.56,7.1,19.3,38.1,3.5,6.3,1,0.2,3,0.3,194.0509949,92
IRGC_53931,India,21,82,1.71,24.4,15.1,39.8,0.66,7.4,27.2,32.9,6.8,8.8,2,0.1,2,0.1,219.9459991,92
IRGC_5423,Philippines,13.11139,121.04722,1.2,20.3,18.8,33.1,0.99,5.8,32.4,34.5,10.7,10.5,1,0.1,2,0.1,251.2030029,110
IRGC_5855,Bangladesh,23.611667,90.339722,1.35,18.6,8,45.3,1.27,5.7,24.1,30.7,24.3,9.2,2,0.1,2,0.1,230.4100037,200
IRGC_5857,Bangladesh,23.611667,90.339722,1.35,18.6,8,45.3,1.27,5.7,24.1,30.7,24.3,9.2,2,0.1,2,0.1,230.4100037,200
IRGC_5896,India,21,82,1.71,24.4,15.1,39.8,0.66,7.4,27.2,32.9,6.8,8.8,2,0.1,2,0.1,219.9459991,92
IRGC_61074,India,23.974722,78.421111,1.68,37.7,15.5,34.7,0.49,7.6,22.2,43.1,4.3,6.9,1,0.1,1,0.2,194.0509949,92
IRGC_61148,India,23.974722,78.421111,1.68,37.7,15.5,34.7,0.49,7.6,22.2,43.1,4.3,6.9,1,0.1,1,0.2,194.0509949,92
IRGC_6208,Bangladesh,23.611667,90.339722,1.35,18.6,8,45.3,1.27,5.7,24.1,30.7,24.3,9.2,2,0.1,2,0.1,230.4100037,200
IRGC_6246,Bangladesh,23.611667,90.339722,1.35,18.6,8,45.3,1.27,5.7,24.1,30.7,24.3,9.2,2,0.1,2,0.1,230.4100037,200
IRGC_6274,India,21.127778,82.800556,1.67,29.2,23.1,42.2,0.52,7.2,22.8,35,3.4,6.2,1,0.1,1,0.1,220.5570068,110
IRGC_6386,India,21.127778,82.800556,1.67,29.2,23.1,42.2,0.52,7.2,22.8,35,3.4,6.2,1,0.1,1,0.1,220.5570068,110
IRGC_64796,Bangladesh,24.58333,88.3,1.4,16.1,4.6,44.3,0.58,7.5,16.5,39.2,7.1,7.6,2,0.7,3,0.5,278.8779907,200
IRGC_65524,Thailand,14.98098321,101.0027948,1.55,28.1,20.2,48.9,0.57,6.6,22.4,28.7,4.9,7.2,1,0.1,2,0.1,209.7740021,52
IRGC_65525,Thailand,7,100,1.3,9.3,15.3,41.4,0.63,5.2,29.3,29.3,6.9,7.6,1,0.1,2,0.1,249.1390076,62
IRGC_6590,Bangladesh,23.611667,90.339722,1.35,18.6,8,45.3,1.27,5.7,24.1,30.7,24.3,9.2,2,0.1,2,0.1,230.4100037,200
IRGC_66640,Indonesia,0.88333,97.56667,1.11,17.6,8.5,44.8,1.3,5,22.8,32.4,88.4,10.9,1,0.1,2,0.1,245.7039948,110
IRGC_66763,Bangladesh,24.85,92,1.4,15.2,10.2,26.4,0.78,5.3,51.4,22.2,12.5,6.5,2,0.1,2,0.1,246.0630035,62
IRGC_66787,Bangladesh,25.06667,91.38333,1.36,17.9,14.9,33.1,1.95,5.7,38.3,28.6,11.7,12,2,0.1,2,0.1,230.4100037,200
IRGC_66819,Bangladesh,24.88333,92.43333,1.37,17.6,11.1,31.2,0.97,5.2,40.4,28.4,17.1,6.8,1,0.1,1,0.1,211.852005,200
IRGC_67034,China,23.748889,108.301667,1.38,13,17.2,38.7,0.78,5.4,15.9,45.4,6.3,5.9,1,0.1,1,0.1,257.631012,70
IRGC_67096,China,23.748889,108.301667,1.38,13,17.2,38.7,0.78,5.4,15.9,45.4,6.3,5.9,1,0.1,1,0.1,257.631012,70
IRGC_67482,India,27.48305556,80.37,1.46,26.3,12.1,32.9,0.54,7.6,33.8,33.3,3.8,8.1,2,0.1,2,0.1,226.5570068,146
IRGC_67500,India,22,80,1.74,38.1,28.5,43,0.57,7.4,16.8,40.2,4.1,6.7,1,0.2,3,0.3,194.0509949,92
IRGC_67505,India,19,81,1.53,19.7,17.3,33,0.85,6.7,36.3,30.7,6.8,8.5,2,0.1,2,0.1,241.2579956,92
IRGC_67511,India,21,80,1.66,37.4,18.3,39.8,0.6,7.5,20.1,40.2,4.8,8.1,1,0.2,3,0.3,194.0509949,92
IRGC_67515,India,21,80,1.66,37.4,18.3,39.8,0.6,7.5,20.1,40.2,4.8,8.1,1,0.2,3,0.3,194.0509949,92
IRGC_67700,India,26,80,1.49,19.1,10.3,29.3,0.66,7.7,30.6,40,3.3,10.2,3,0.1,2,0.1,200.5279999,98
IRGC_67702,India,24,81,1.7,35.6,10.5,46.8,0.55,7.6,18.2,35.1,2.9,7,1,0.2,3,0.3,193.0189972,92
IRGC_67704,India,26.333056,78.75,1.48,21.9,8.9,26.9,0.51,8,37.6,35.5,4.2,9.7,2,0.1,2,0.1,226.0930023,110
IRGC_67706,India,24.25,81.08333,1.66,39.4,22.1,40.1,0.57,7.2,20.6,39.3,3.8,8,3,0.1,2,0.1,205.9889984,92
IRGC_67726,India,25,80,1.64,25.3,18.7,27,0.42,7.4,34.6,38.4,3.5,7,3,0.1,2,0.1,200.5279999,98
IRGC_67730,India,24.25,81.08333,1.66,39.4,22.1,40.1,0.57,7.2,20.6,39.3,3.8,8,3,0.1,2,0.1,205.9889984,92
IRGC_67740,India,24,81,1.7,35.6,10.5,46.8,0.55,7.6,18.2,35.1,2.9,7,1,0.2,3,0.3,193.0189972,92
IRGC_67743,India,23,80,1.77,44.9,23,45.2,0.48,7.3,12.5,42.3,4.4,6.2,1,0.2,3,0.3,194.0509949,92
IRGC_67754,India,24,81,1.7,35.6,10.5,46.8,0.55,7.6,18.2,35.1,2.9,7,1,0.2,3,0.3,193.0189972,92
IRGC_67759,India,24.83333,77.03333,1.75,28.8,14.1,28.3,0.45,7.6,41.8,29.9,3.8,7.2,1,0.2,3,0.3,194.0509949,92
IRGC_6796,Myanmar,18,96,1.32,21.1,31.9,35.7,0.83,5.8,30.9,33.5,9.9,9.9,2,0.1,2,0.1,220.6580048,164
IRGC_68159,China,27.576667,111.558333,1.45,19.5,23.2,35.9,0.72,5.9,24.6,39.5,7,6,2,0.1,2,0.1,245.9160004,110
IRGC_71494,Malaysia,5.63333,116.31667,1.27,17.6,14.2,49.5,2.41,5.4,25,25.4,33.8,7.6,1,0.1,2,0.1,241.8800049,110
IRGC_71524,Malaysia,5.75,116.35,1.07,18.4,12.7,45.4,1.2,5.5,26.9,27.7,17.9,9.3,1,0.1,2,0.1,241.8800049,110
IRGC_72458,Myanmar,18.683611,96.683056,1.38,20.6,22.9,32.8,0.79,5.5,36.6,30.6,11.1,6.5,2,0.1,2,0.1,220.6580048,164
IRGC_72479,India,21.127778,82.800556,1.67,29.2,23.1,42.2,0.52,7.2,22.8,35,3.4,6.2,1,0.1,1,0.1,220.5570068,110
IRGC_73039,India,21.12777778,82.80055556,1.67,29.2,23.1,42.2,0.52,7.2,22.8,35,3.4,6.2,1,0.1,1,0.1,220.5570068,110
IRGC_73040,India,21.12777778,82.80055556,1.67,29.2,23.1,42.2,0.52,7.2,22.8,35,3.4,6.2,1,0.1,1,0.1,220.5570068,110
IRGC_73316,Thailand,14.98098321,101.0027948,1.55,28.1,20.2,48.9,0.57,6.6,22.4,28.7,4.9,7.2,1,0.1,2,0.1,209.7740021,52
IRGC_73317,Thailand,14.98098321,101.0027948,1.55,28.1,20.2,48.9,0.57,6.6,22.4,28.7,4.9,7.2,1,0.1,2,0.1,209.7740021,52
IRGC_73465,Thailand,14,100,1.37,17.2,3,41.8,0.34,6.5,24.4,33.8,4.7,6.8,3,0.1,4,0.1,216.8200073,110
IRGC_73466,Thailand,13,101,1.44,17,8.1,28,0.62,6.1,38.5,33.5,5,10.5,3,0.1,2,0.1,244.2519989,98
IRGC_73554,Thailand,15,100,1.46,18.8,6.1,44.9,0.33,6.1,20.4,34.6,3.6,7.1,3,0.1,4,0.1,235.0130005,110
IRGC_74593,India,21,82,1.71,24.4,15.1,39.8,0.66,7.4,27.2,32.9,6.8,8.8,2,0.1,2,0.1,219.9459991,92
IRGC_74716,India,24.83333,81.16667,1.68,28.2,24.6,27.8,0.47,7.4,29.9,42.3,3.1,6.9,3,0.1,2,0.1,205.9889984,98
IRGC_74717,India,21.66667,81.2,1.68,32,10.8,43.1,0.54,7.7,18.8,38,5.5,7.3,2,0.1,2,0.1,219.9459991,92
IRGC_74720,India,22.83333,79.33333,1.78,41.4,20.4,41.4,0.44,7.4,18.9,39.7,3,6.5,1,0.1,2,0.1,183.3059998,92
IRGC_74724,India,26,81.53333,1.54,20.8,15.7,31.7,0.55,7.3,24.2,44.2,2.8,9.2,2,0.1,2,0.1,226.5570068,146
IRGC_74730,India,21,81,1.67,24.1,11.7,42.2,0.48,7.2,25.9,31.9,4.1,7.2,2,0.1,2,0.1,222.5449982,92
IRGC_74731,India,26,80,1.49,19.1,10.3,29.3,0.66,7.7,30.6,40,3.3,10.2,3,0.1,2,0.1,200.5279999,98
IRGC_74733,India,24,81,1.7,35.6,10.5,46.8,0.55,7.6,18.2,35.1,2.9,7,1,0.2,3,0.3,193.0189972,92
IRGC_74735,India,27.5,77.25,1.47,21.3,16.1,28.5,0.7,7.9,44.2,27.3,5.1,7.7,1,0.1,1,0.1,226.0930023,110
IRGC_74739,India,24,81,1.7,35.6,10.5,46.8,0.55,7.6,18.2,35.1,2.9,7,1,0.2,3,0.3,193.0189972,92
IRGC_74742,India,23.98333,80.33333,1.68,35.9,8.7,42.5,0.75,7.5,20.9,36.6,3.6,6.5,1,0.2,3,0.3,194.0509949,92
IRGC_74756,India,21.66667,81.2,1.68,32,10.8,43.1,0.54,7.7,18.8,38,5.5,7.3,2,0.1,2,0.1,219.9459991,92
IRGC_74762,India,22.2,79.91667,1.63,35.7,27.8,46.1,0.67,6.4,17.7,36.2,4,7.9,1,0.2,3,0.3,194.0509949,92
IRGC_74768,India,25,81,1.61,21.3,12.1,25.9,0.55,7.5,42.8,31.4,3.2,6.5,1,0.1,1,0.1,229.0720062,98
IRGC_74773,India,26,81.53333,1.54,20.8,15.7,31.7,0.55,7.3,24.2,44.2,2.8,9.2,2,0.1,2,0.1,226.5570068,146
IRGC_74776,India,26,80,1.49,19.1,10.3,29.3,0.66,7.7,30.6,40,3.3,10.2,3,0.1,2,0.1,200.5279999,98
IRGC_74778,India,27.16667,80.33333,1.48,27.2,12.3,31.6,0.65,7.4,29.7,38.7,2.7,8.2,2,0.1,2,0.1,226.5570068,146
IRGC_74780,India,20,80,1.59,28.7,19,36.1,0.56,7.6,28.9,35.1,4.1,7.9,1,0.2,3,0.3,194.0509949,92
IRGC_74935,Thailand,16,100,1.47,16.7,5.1,45.3,0.35,6.4,20.9,33.8,3.8,7.6,3,0.1,4,0.1,235.0130005,110
IRGC_74998,Thailand,14,101,1.37,21.5,5,41.8,0.57,6,12.9,45.3,5.2,9.7,17,0.1,15,0.1,216.8200073,200
IRGC_75295,India,18,82,1.35,19.9,19.6,33.4,1.21,5.7,35.2,31.4,8.8,8.6,3,0.1,2,0.1,233.9210052,98
IRGC_75297,India,21,86,1.46,17.4,15.7,43.2,0.65,6.5,28.4,28.4,5.3,6.8,2,0.1,2,0.1,228.3739929,74
IRGC_75298,India,18,82,1.35,19.9,19.6,33.4,1.21,5.7,35.2,31.4,8.8,8.6,3,0.1,2,0.1,233.9210052,98
IRGC_75299,India,18.71361111,82.90388889,1.32,17.3,15.8,36.3,0.61,6.2,33.5,30.2,6.7,8.6,3,0.1,2,0.1,233.9210052,98
IRGC_75301,India,18.71361111,82.90388889,1.32,17.3,15.8,36.3,0.61,6.2,33.5,30.2,6.7,8.6,3,0.1,2,0.1,233.9210052,98
IRGC_76294,India,22.81923514,79.54023671,1.65,41.6,24.2,42.6,0.56,7.1,19.3,38.1,3.5,6.3,1,0.2,3,0.3,194.0509949,92
IRGC_77294,Bangladesh,21.91667,92.08333,1.35,16.2,15.8,37.6,0.65,5.5,33.7,28.7,7.1,7.1,1,0.1,1,0.1,248.3760071,110
IRGC_77487,India,27,82,1.48,21.5,11.1,28.6,0.52,7.4,30.8,40.6,3,7.6,2,0.1,2,0.1,226.5570068,146
IRGC_77488,India,27.31555556,82.12666667,1.47,17,7.4,27.5,0.54,7.4,31,41.5,5.2,6.5,2,0.1,2,0.1,226.5570068,146
IRGC_77490,India,26,83,1.43,26.4,12,35.9,0.77,7.4,24.3,39.8,3.9,9.8,2,0.1,2,0.1,226.5570068,146
IRGC_77491,India,27,82,1.48,21.5,11.1,28.6,0.52,7.4,30.8,40.6,3,7.6,2,0.1,2,0.1,226.5570068,146
IRGC_77493,India,26.69666667,83.94222222,1.47,14.3,9.6,31.7,0.64,7.4,31.8,36.5,3.3,6.3,1,0.3,1,0.3,232.8789978,146
IRGC_77494,India,27,81,1.49,20.8,11.9,31.9,0.51,7.4,29.6,38.5,2.6,7.6,2,0.1,2,0.1,226.5570068,146
IRGC_77496,India,26.69666667,83.94222222,1.47,14.3,9.6,31.7,0.64,7.4,31.8,36.5,3.3,6.3,1,0.3,1,0.3,232.8789978,146
IRGC_77498,India,26,83,1.43,26.4,12,35.9,0.77,7.4,24.3,39.8,3.9,9.8,2,0.1,2,0.1,226.5570068,146
IRGC_77500,India,27,81,1.49,20.8,11.9,31.9,0.51,7.4,29.6,38.5,2.6,7.6,2,0.1,2,0.1,226.5570068,146
IRGC_77503,India,27.31555556,82.12666667,1.47,17,7.4,27.5,0.54,7.4,31,41.5,5.2,6.5,2,0.1,2,0.1,226.5570068,146
IRGC_77504,India,26,83,1.43,26.4,12,35.9,0.77,7.4,24.3,39.8,3.9,9.8,2,0.1,2,0.1,226.5570068,146
IRGC_77509,India,27.31555556,82.12666667,1.47,17,7.4,27.5,0.54,7.4,31,41.5,5.2,6.5,2,0.1,2,0.1,226.5570068,146
IRGC_77512,India,27,81,1.49,20.8,11.9,31.9,0.51,7.4,29.6,38.5,2.6,7.6,2,0.1,2,0.1,226.5570068,146
IRGC_77516,India,27,82,1.48,21.5,11.1,28.6,0.52,7.4,30.8,40.6,3,7.6,2,0.1,2,0.1,226.5570068,146
IRGC_77517,India,26,83,1.43,26.4,12,35.9,0.77,7.4,24.3,39.8,3.9,9.8,2,0.1,2,0.1,226.5570068,146
IRGC_77518,India,27,81,1.49,20.8,11.9,31.9,0.51,7.4,29.6,38.5,2.6,7.6,2,0.1,2,0.1,226.5570068,146
IRGC_77519,India,26,83,1.43,26.4,12,35.9,0.77,7.4,24.3,39.8,3.9,9.8,2,0.1,2,0.1,226.5570068,146
IRGC_77530,India,11.33333,78.5,1.38,31.6,18.5,39.1,0.79,6.4,33,27.9,10.4,9.8,1,0.1,1,0.1,243.8710022,98
IRGC_7819,Thailand,13.03944444,101.4919444,1.44,14.8,12.1,33.7,0.42,6,31.5,34.8,4.9,8.6,3,0.1,2,0.1,244.2519989,98
IRGC_78238,Thailand,18.96667,98.8,1.28,12.6,26.2,47.1,0.64,5.7,30.9,22,9.4,7,1,0.1,2,0.1,249.1390076,62
IRGC_78253,Thailand,14.36667,100.53333,1.38,22.3,7.2,51.9,0.57,6.4,12.3,35.8,15.1,10.7,17,0.1,15,0.1,216.8200073,200
IRGC_78257,Thailand,12.86667,101.86667,1.34,17.2,21.7,41.6,0.69,5.4,26.8,31.7,6.1,7.9,3,0.1,2,0.1,244.2519989,98
IRGC_78272,Thailand,19.15,99.58333,1.32,11.9,24.2,42.7,1.03,5.6,34.5,22.8,9.2,6.5,1,0.1,2,0.1,237.2030029,98
IRGC_78299,Vietnam,23,106,1.31,14.2,21.8,42,0.7,5.8,17.7,40.2,8.1,7.4,1,0.1,1,0.1,261.5109863,70
IRGC_78333,Vietnam,21.66667,103.16667,1.15,18.3,26.8,36.9,3.36,5.2,31,32.1,13.7,8.6,1,0.1,2,0.1,249.1390076,62
IRGC_78357,Vietnam,20.6,105.41667,1.22,19.2,19.7,43.1,1,5.6,22,34.9,11.5,6.9,1,0.1,2,0.1,245.8500061,110
IRGC_78358,Vietnam,20,105,1.27,17.2,19.8,41.9,0.66,5.4,30.8,27.2,10.9,7,1,0.1,2,0.1,249.1390076,62
IRGC_78380,Vietnam,20.6,105.41667,1.22,19.2,19.7,43.1,1,5.6,22,34.9,11.5,6.9,1,0.1,2,0.1,245.8500061,110
IRGC_78424,India,23,85,1.5,33.5,19.1,42.4,0.79,6.9,28.5,29.1,5,7.8,1,0.1,1,0.1,233.9190063,110
IRGC_78920,Myanmar,16.5,95.16666667,1.28,24.7,17,37.1,1.73,6.5,24.1,38.8,22.6,17.4,2,0.1,2,0.1,260.0100098,200
IRGC_79070,Vietnam,14,109,1.39,19.9,9.4,39.7,0.79,6.5,30.6,29.6,7.5,11,3,0.1,2,0.1,235.371994,98
IRGC_79072,Vietnam,9,105,1.19,23.6,10,42.3,2.79,5.6,27.5,30.1,25.1,21.6,2,0.1,2,0.1,235.3049927,200
IRGC_79074,Vietnam,9.469722222,105.9330556,1.27,22.4,10.1,39.1,2.4,5.7,29,31.8,33.7,23.2,17,0.1,15,0.1,224.1589966,200
IRGC_79075,Vietnam,9,105,1.19,23.6,10,42.3,2.79,5.6,27.5,30.1,25.1,21.6,2,0.1,2,0.1,235.3049927,200
IRGC_79076,Vietnam,9.7875,105.7277778,1.26,18.5,10.6,35.2,2.52,6,26.8,38,42.7,16.8,2,0.1,2,0.1,228.6210022,200
IRGC_79122,Cambodia,11,104,1.27,15.3,21.3,41.4,0.82,5.2,31.3,27.3,9.6,7.5,1,0.1,2,0.1,249.1390076,62
IRGC_7919,India,21.127778,82.800556,1.67,29.2,23.1,42.2,0.52,7.2,22.8,35,3.4,6.2,1,0.1,1,0.1,220.5570068,110
IRGC_79554,Vietnam,16.55531953,106.3329536,1.28,18.7,14.8,41.3,0.6,5.5,27,31.7,7.1,12.1,1,0.1,2,0.1,249.1390076,62
IRGC_8177,Vietnam,16.472778,106.660556,1.3,17.7,16.1,46.4,0.73,5.7,27.1,26.5,8.2,9.8,1,0.1,2,0.1,249.1390076,62
IRGC_8178,Vietnam,16.472778,106.660556,1.3,17.7,16.1,46.4,0.73,5.7,27.1,26.5,8.2,9.8,1,0.1,2,0.1,249.1390076,62
IRGC_81784,India,11.5,76.5,1.18,14.8,20.6,29.5,1.41,5.6,38.6,31.9,9.2,13.3,1,0.1,1,0.1,244.4759979,110
IRGC_8188,India,21.127778,82.800556,1.67,29.2,23.1,42.2,0.52,7.2,22.8,35,3.4,6.2,1,0.1,1,0.1,220.5570068,110
IRGC_8227,Vietnam,16.472778,106.660556,1.3,17.7,16.1,46.4,0.73,5.7,27.1,26.5,8.2,9.8,1,0.1,2,0.1,249.1390076,62
IRGC_8228,Vietnam,16.472778,106.660556,1.3,17.7,16.1,46.4,0.73,5.7,27.1,26.5,8.2,9.8,1,0.1,2,0.1,249.1390076,62
IRGC_8231,Vietnam,16.472778,106.660556,1.3,17.7,16.1,46.4,0.73,5.7,27.1,26.5,8.2,9.8,1,0.1,2,0.1,249.1390076,62
IRGC_8233,Vietnam,16.472778,106.660556,1.3,17.7,16.1,46.4,0.73,5.7,27.1,26.5,8.2,9.8,1,0.1,2,0.1,249.1390076,62
IRGC_8234,Vietnam,16.472778,106.660556,1.3,17.7,16.1,46.4,0.73,5.7,27.1,26.5,8.2,9.8,1,0.1,2,0.1,249.1390076,62
IRGC_8238,Taiwan,23.6,120.653889,1.31,12.8,14,37.2,1.06,5.1,23.9,38.9,8.6,10.9,2,0.1,2,0.1,261.5109863,70
IRGC_8242,Taiwan,23.6,120.653889,1.31,12.8,14,37.2,1.06,5.1,23.9,38.9,8.6,10.9,2,0.1,2,0.1,261.5109863,70
IRGC_8245,Philippines,13.111389,121.047222,1.2,20.3,18.8,33.1,0.99,5.8,32.4,34.5,10.7,10.5,1,0.1,2,0.1,251.2030029,110
IRGC_8260,Indonesia,-2.690556,119.025833,1.19,15.7,12.2,42.9,1.4,5.1,25.9,31.2,32.6,9.5,1,0.1,2,0.1,241.8800049,110
IRGC_8268,Taiwan,23.6,120.653889,1.31,12.8,14,37.2,1.06,5.1,23.9,38.9,8.6,10.9,2,0.1,2,0.1,261.5109863,70
IRGC_82819,Myanmar,16.5,95.16666667,1.28,24.7,17,37.1,1.73,6.5,24.1,38.8,22.6,17.4,2,0.1,2,0.1,260.0100098,200
IRGC_82820,Myanmar,16,95,1.02,27.5,15.5,33.1,1.85,6.2,23.6,43.3,39.3,17.7,17,0.1,15,0.1,234.3130035,200
IRGC_8341,Bangladesh,23.611667,90.339722,1.35,18.6,8,45.3,1.27,5.7,24.1,30.7,24.3,9.2,2,0.1,2,0.1,230.4100037,200
IRGC_83906,Cambodia,12.68480124,104.8742068,1.35,17.4,13.4,44.1,0.8,5.8,26.5,29.4,17.1,14.3,2,0.1,2,0.1,234.4600067,200
IRGC_83948,Cambodia,12,104,1.36,13.2,12.4,37.7,0.61,5.5,29.9,32.3,7,8.8,1,0.1,2,0.1,249.1390076,62
IRGC_85270,Laos,18,102,1.37,13.7,26.6,44.1,0.58,5.5,32.6,23.3,6.6,7.1,1,0.1,2,0.1,249.1390076,62
IRGC_85506,Laos,15,106,1.26,16.5,16.2,26.2,3.01,5.8,43.6,30.2,46.7,15.1,2,0.1,1,0.1,233.7779999,110
IRGC_85558,Laos,18.43069034,103.7875691,1.39,17,14.6,42.6,1.06,5.5,29.3,28,8.9,6.8,2,0.1,1,0.1,229.7149963,110
IRGC_88115,Myanmar,20.94463483,96.51316183,1.33,17.5,23.5,38.3,0.86,6.2,30.2,31.5,7.7,7.6,1,0.1,2,0.1,249.1390076,62
IRGC_88138,Myanmar,20,97,1.36,14,17.9,41.4,0.62,6.4,32.4,26.2,8.2,7,1,0.1,2,0.1,239.8809967,110
IRGC_88156,Myanmar,20.94463483,96.51316183,1.33,17.5,23.5,38.3,0.86,6.2,30.2,31.5,7.7,7.6,1,0.1,2,0.1,249.1390076,62
IRGC_88216,Myanmar,20.94463483,96.51316183,1.33,17.5,23.5,38.3,0.86,6.2,30.2,31.5,7.7,7.6,1,0.1,2,0.1,249.1390076,62
IRGC_8896,India,21.127778,82.800556,1.67,29.2,23.1,42.2,0.52,7.2,22.8,35,3.4,6.2,1,0.1,1,0.1,220.5570068,110
IRGC_9060,India,21.127778,82.800556,1.67,29.2,23.1,42.2,0.52,7.2,22.8,35,3.4,6.2,1,0.1,1,0.1,220.5570068,110
IRGC_90624,Vietnam,21,103,1.24,19.7,31.7,39.3,1.94,5.5,29.2,31.5,14.3,8.2,1,0.1,2,0.1,249.1390076,62
IRGC_9070,India,21.127778,82.800556,1.67,29.2,23.1,42.2,0.52,7.2,22.8,35,3.4,6.2,1,0.1,1,0.1,220.5570068,110
IRGC_9146,Thailand,13.039444,101.491944,1.44,14.8,12.1,33.7,0.42,6,31.5,34.8,4.9,8.6,3,0.1,2,0.1,244.2519989,98
IRGC_9148,Thailand,13.039444,101.491944,1.44,14.8,12.1,33.7,0.42,6,31.5,34.8,4.9,8.6,3,0.1,2,0.1,244.2519989,98
IRGC_9175,India,21.127778,82.800556,1.67,29.2,23.1,42.2,0.52,7.2,22.8,35,3.4,6.2,1,0.1,1,0.1,220.5570068,110
IRGC_9177,India,21.127778,82.800556,1.67,29.2,23.1,42.2,0.52,7.2,22.8,35,3.4,6.2,1,0.1,1,0.1,220.5570068,110
IRGC_9178,India,21.127778,82.800556,1.67,29.2,23.1,42.2,0.52,7.2,22.8,35,3.4,6.2,1,0.1,1,0.1,220.5570068,110
IRGC_9179,India,21.127778,82.800556,1.67,29.2,23.1,42.2,0.52,7.2,22.8,35,3.4,6.2,1,0.1,1,0.1,220.5570068,110
IRGC_95829,Myanmar,22,96,1.48,15.2,16,37.6,0.58,6.6,38.3,24.1,5.9,6.8,1,0.1,1,0.1,215.5939941,164
IRGC_97442,Myanmar,20.94463483,96.51316183,1.33,17.5,23.5,38.3,0.86,6.2,30.2,31.5,7.7,7.6,1,0.1,2,0.1,249.1390076,62
IRGC_97445,Myanmar,20.94463483,96.51316183,1.33,17.5,23.5,38.3,0.86,6.2,30.2,31.5,7.7,7.6,1,0.1,2,0.1,249.1390076,62
IRGC_97492,Myanmar,19,97,1.28,14.2,28.3,38.7,0.83,5.6,33.9,27.4,8,7.1,1,0.1,2,0.1,249.1390076,62
IRGC_97610,Myanmar,16,98,1.34,24.5,16,30.3,0.84,6,31.8,37.8,14.5,10.2,1,0.1,2,0.1,220.6580048,164
IRGC_97696,Myanmar,16.60888889,98.23333333,1.41,25.6,19.8,31.1,0.88,6.1,35.5,33.4,10.6,11.1,2,0.1,2,0.1,220.6580048,164
IRGC_97756,Myanmar,16,98,1.34,24.5,16,30.3,0.84,6,31.8,37.8,14.5,10.2,1,0.1,2,0.1,220.6580048,164
IRIS_313-10007,Nepal,28.84889,80.29889,1.44,10.5,12.3,20.9,0.53,6.4,47.2,31.9,3.4,7.5,2,0.1,2,0.1,259.223999,86
IRIS_313-10134,Thailand,13.03944,101.49194,1.44,14.8,12.1,33.7,0.42,6,31.5,34.8,4.9,8.6,3,0.1,2,0.1,244.2519989,98
IRIS_313-10177,China,23.74889,108.30167,1.38,13,17.2,38.7,0.78,5.4,15.9,45.4,6.3,5.9,1,0.1,1,0.1,257.631012,70
IRIS_313-10221,China,23.74889,108.30167,1.38,13,17.2,38.7,0.78,5.4,15.9,45.4,6.3,5.9,1,0.1,1,0.1,257.631012,70
IRIS_313-10239,China,27.42639,116.07417,1.33,16.2,23.1,31.7,0.52,5.1,37.9,30.5,10.8,6.5,1,0.1,1,0.1,257.631012,70
IRIS_313-10428,Malaysia,2.03028,109.6425,1.15,13.9,13.6,40.2,0.8,5.4,33.7,26.1,31.7,8.7,3,0.1,6,0.1,257.947998,80
IRIS_313-10511,Philippines,13.11139,121.04722,1.2,20.3,18.8,33.1,0.99,5.8,32.4,34.5,10.7,10.5,1,0.1,2,0.1,251.2030029,110
IRIS_313-10515,Taiwan,23.6,120.65389,1.31,12.8,14,37.2,1.06,5.1,23.9,38.9,8.6,10.9,2,0.1,2,0.1,261.5109863,70
IRIS_313-10554,Vietnam,16.47278,106.66056,1.3,17.7,16.1,46.4,0.73,5.7,27.1,26.5,8.2,9.8,1,0.1,2,0.1,249.1390076,62
IRIS_313-10555,Vietnam,16.47278,106.66056,1.3,17.7,16.1,46.4,0.73,5.7,27.1,26.5,8.2,9.8,1,0.1,2,0.1,249.1390076,62
IRIS_313-10556,Vietnam,16.47278,106.66056,1.3,17.7,16.1,46.4,0.73,5.7,27.1,26.5,8.2,9.8,1,0.1,2,0.1,249.1390076,62
IRIS_313-10557,Cambodia,12.30083,104.9825,1.34,19.8,10.3,37,1.04,6,25.4,37.7,3.2,11.9,2,0.1,2,0.1,234.4600067,200
IRIS_313-10610,SriLanka,6.83194,81.01083,1.18,13.7,16.6,40.2,1.4,5.4,32.3,27.4,13.3,10.2,1,0.1,1,0.1,223.7779999,146
IRIS_313-10628,India,21.12778,82.80056,1.67,29.2,23.1,42.2,0.52,7.2,22.8,35,3.4,6.2,1,0.1,1,0.1,220.5570068,110
IRIS_313-10648,Cambodia,12.30083,104.9825,1.34,19.8,10.3,37,1.04,6,25.4,37.7,3.2,11.9,2,0.1,2,0.1,234.4600067,200
IRIS_313-10650,Thailand,7.51556,99.80278,1.22,11.5,12.4,40.8,1.11,5.6,32.9,26.3,13,9.9,1,0.1,2,0.1,249.1390076,62
IRIS_313-10655,Laos,15.60694,105.77972,1.3,15.3,19.8,29.3,0.64,5.8,40.1,30.6,7.6,7.5,1,0.1,2,0.1,229.7149963,110
IRIS_313-10659,Laos,16.50056,105.75028,1.31,13.8,19.1,31.6,0.53,5.6,39.8,28.5,8.4,13,1,0.1,2,0.1,245.8500061,110
IRIS_313-10661,SriLanka,6.98306,81.03333,1.19,11,13,42.7,1.05,5.3,31.1,26.2,8.3,6.6,1,0.1,2,0.1,252.2200012,146
IRIS_313-10664,India,26.6,94.2,1.33,16.5,13.1,35.9,2.55,5.6,35.5,28.6,6.9,6.4,2,0.1,2,0.1,241.3040009,110
IRIS_313-10666,India,27.48333,94.95,1.32,13.1,6.9,33.4,1.59,5.4,39.3,27.3,15.6,7,1,0.1,2,0.1,241.6880035,110
IRIS_313-10667,India,25.51667,90.2,1.29,16.5,22.4,37.7,1.03,5.2,36,26.3,8.3,7.5,1,0.1,1,0.1,241.947998,110
IRIS_313-10668,India,25.51667,90.2,1.29,16.5,22.4,37.7,1.03,5.2,36,26.3,8.3,7.5,1,0.1,1,0.1,241.947998,110
IRIS_313-10680,Laos,20.34639,100.67833,1.29,15.8,32.6,32.8,0.94,5.4,28,39.2,7.5,6.6,1,0.1,2,0.1,249.1390076,62
IRIS_313-10681,Laos,17.02333,104.93306,1.37,11.7,12.3,33.5,0.41,5.5,37,29.5,5.2,7.4,1,0.1,2,0.1,245.8500061,110
IRIS_313-10682,Laos,16.14611,105.29528,1.45,17.3,14,24,0.38,5.8,49.1,26.9,5.7,6.6,3,0.1,2,0.1,241.1900024,86
IRIS_313-10683,Laos,16.26667,105.26667,1.48,13.8,12.6,26.1,0.36,5.7,46.4,27.5,5.9,6.7,2,0.1,1,0.1,229.7149963,110
IRIS_313-10684,Malaysia,6.2,116.23333,1.19,23.6,6,46.3,2.57,5.6,23.1,30.6,100.3,12.6,1,0.1,2,0.1,240.0930023,110
IRIS_313-10688,Malaysia,2.03028,109.6425,1.15,13.9,13.6,40.2,0.8,5.4,33.7,26.1,31.7,8.7,3,0.1,6,0.1,257.947998,80
IRIS_313-10692,Indonesia,-0.42417,100.84694,1.26,8,4.9,41.7,0.62,5,25.3,33,5.5,6.2,1,0.1,1,0.1,247.6829987,22
IRIS_313-10694,Malaysia,2.03028,109.6425,1.15,13.9,13.6,40.2,0.8,5.4,33.7,26.1,31.7,8.7,3,0.1,6,0.1,257.947998,80
IRIS_313-10695,Malaysia,2.03028,109.6425,1.15,13.9,13.6,40.2,0.8,5.4,33.7,26.1,31.7,8.7,3,0.1,6,0.1,257.947998,80
IRIS_313-10697,Malaysia,2.03028,109.6425,1.15,13.9,13.6,40.2,0.8,5.4,33.7,26.1,31.7,8.7,3,0.1,6,0.1,257.947998,80
IRIS_313-10698,Malaysia,2.03028,109.6425,1.15,13.9,13.6,40.2,0.8,5.4,33.7,26.1,31.7,8.7,3,0.1,6,0.1,257.947998,80
IRIS_313-10699,Malaysia,2.03028,109.6425,1.15,13.9,13.6,40.2,0.8,5.4,33.7,26.1,31.7,8.7,3,0.1,6,0.1,257.947998,80
IRIS_313-10700,Malaysia,2.03028,109.6425,1.15,13.9,13.6,40.2,0.8,5.4,33.7,26.1,31.7,8.7,3,0.1,6,0.1,257.947998,80
IRIS_313-10701,Malaysia,2.03028,109.6425,1.15,13.9,13.6,40.2,0.8,5.4,33.7,26.1,31.7,8.7,3,0.1,6,0.1,257.947998,80
IRIS_313-10702,Malaysia,2.03028,109.6425,1.15,13.9,13.6,40.2,0.8,5.4,33.7,26.1,31.7,8.7,3,0.1,6,0.1,257.947998,80
IRIS_313-10706,Malaysia,2.03028,109.6425,1.15,13.9,13.6,40.2,0.8,5.4,33.7,26.1,31.7,8.7,3,0.1,6,0.1,257.947998,80
IRIS_313-10707,Malaysia,2.03028,109.6425,1.15,13.9,13.6,40.2,0.8,5.4,33.7,26.1,31.7,8.7,3,0.1,6,0.1,257.947998,80
IRIS_313-10716,SriLanka,6.84639,80.03194,1.19,21,7.3,33.9,2.11,5.5,30.9,35.2,21.2,12.1,2,0.1,3,0.1,252.2200012,146
IRIS_313-10720,SriLanka,8.31667,80.41667,1.41,19.3,13.8,36.7,0.69,5.9,39,24.3,17.7,7.9,1,0.1,1,0.1,233.6000061,86
IRIS_313-10721,SriLanka,8.31667,80.41667,1.41,19.3,13.8,36.7,0.69,5.9,39,24.3,17.7,7.9,1,0.1,1,0.1,233.6000061,86
IRIS_313-10742,Indonesia,-2.69056,119.02583,1.19,15.7,12.2,42.9,1.4,5.1,25.9,31.2,32.6,9.5,1,0.1,2,0.1,241.8800049,110
IRIS_313-10748,Vietnam,16.47278,106.66056,1.3,17.7,16.1,46.4,0.73,5.7,27.1,26.5,8.2,9.8,1,0.1,2,0.1,249.1390076,62
IRIS_313-10749,Vietnam,16.47278,106.66056,1.3,17.7,16.1,46.4,0.73,5.7,27.1,26.5,8.2,9.8,1,0.1,2,0.1,249.1390076,62
IRIS_313-10750,Vietnam,16.47278,106.66056,1.3,17.7,16.1,46.4,0.73,5.7,27.1,26.5,8.2,9.8,1,0.1,2,0.1,249.1390076,62
IRIS_313-10751,Vietnam,16.47278,106.66056,1.3,17.7,16.1,46.4,0.73,5.7,27.1,26.5,8.2,9.8,1,0.1,2,0.1,249.1390076,62
IRIS_313-10755,Vietnam,16.47278,106.66056,1.3,17.7,16.1,46.4,0.73,5.7,27.1,26.5,8.2,9.8,1,0.1,2,0.1,249.1390076,62
IRIS_313-10757,Thailand,13.03944,101.49194,1.44,14.8,12.1,33.7,0.42,6,31.5,34.8,4.9,8.6,3,0.1,2,0.1,244.2519989,98
IRIS_313-10760,Indonesia,1.24972,124.83306,1.08,15.4,7.9,42.8,0.93,5.2,24.5,32.7,26.1,9,2,0.1,3,0.1,229.1139984,110
IRIS_313-10762,Indonesia,0.70417,101.93361,1.28,13.4,2.6,45.6,0.7,4.7,24,30.4,193.8,9.4,1,0.1,1,0.1,57.81129837,200
IRIS_313-10768,Indonesia,-3.1225,115.90472,1.2,16.8,7.1,41.7,0.94,4.9,28.7,29.6,147.9,9.7,2,0.1,3,0.1,269.7609863,62
IRIS_313-10777,Indonesia,-6.75,107.49972,1.1,20.6,9.3,47.6,1.18,5.4,24.7,27.7,15.4,10.6,1,0.1,2,0.1,250.8309937,110
IRIS_313-10778,Indonesia,-3.1225,115.90472,1.2,16.8,7.1,41.7,0.94,4.9,28.7,29.6,147.9,9.7,2,0.1,3,0.1,269.7609863,62
IRIS_313-10779,Indonesia,0.70417,101.93361,1.28,13.4,2.6,45.6,0.7,4.7,24,30.4,193.8,9.4,1,0.1,1,0.1,57.81129837,200
IRIS_313-10782,Indonesia,-6.75,107.49972,1.1,20.6,9.3,47.6,1.18,5.4,24.7,27.7,15.4,10.6,1,0.1,2,0.1,250.8309937,110
IRIS_313-10791,Indonesia,-6.75,107.49972,1.1,20.6,9.3,47.6,1.18,5.4,24.7,27.7,15.4,10.6,1,0.1,2,0.1,250.8309937,110
IRIS_313-10792,Indonesia,3.8,102.25,1.2,8.3,11.7,44.6,0.8,4.9,28.7,26.7,12.7,7.5,1,0.1,2,0.1,249.1390076,62
IRIS_313-10797,Indonesia,0.70417,101.93361,1.28,13.4,2.6,45.6,0.7,4.7,24,30.4,193.8,9.4,1,0.1,1,0.1,57.81129837,200
IRIS_313-10804,Indonesia,-3.1225,115.90472,1.2,16.8,7.1,41.7,0.94,4.9,28.7,29.6,147.9,9.7,2,0.1,3,0.1,269.7609863,62
IRIS_313-10806,Indonesia,-3.1225,115.90472,1.2,16.8,7.1,41.7,0.94,4.9,28.7,29.6,147.9,9.7,2,0.1,3,0.1,269.7609863,62
IRIS_313-10807,Indonesia,1.71278,116.73917,1.2,12.2,10.9,38.5,1.26,4.9,27.9,33.6,109.1,7.2,1,0.1,2,0.1,241.8800049,110
IRIS_313-10810,Indonesia,-6.75,107.49972,1.1,20.6,9.3,47.6,1.18,5.4,24.7,27.7,15.4,10.6,1,0.1,2,0.1,250.8309937,110
IRIS_313-10812,Indonesia,-4.94778,104.85222,1.24,15.7,8.7,57.4,0.57,5.1,16,26.6,28.4,7,2,0.1,2,0.1,239.628006,110
IRIS_313-10813,Indonesia,-3.1225,115.90472,1.2,16.8,7.1,41.7,0.94,4.9,28.7,29.6,147.9,9.7,2,0.1,3,0.1,269.7609863,62
IRIS_313-10814,Indonesia,1.83278,98.75694,1.14,9.4,11.8,50,0.88,5.1,30,20,35.7,7.9,1,0.1,1,0.1,246.1150055,110
IRIS_313-10818,Indonesia,0.70417,101.93361,1.28,13.4,2.6,45.6,0.7,4.7,24,30.4,193.8,9.4,1,0.1,1,0.1,57.81129837,200
IRIS_313-10819,Indonesia,-6.75,107.49972,1.1,20.6,9.3,47.6,1.18,5.4,24.7,27.7,15.4,10.6,1,0.1,2,0.1,250.8309937,110
IRIS_313-10820,Indonesia,-6.75,107.49972,1.1,20.6,9.3,47.6,1.18,5.4,24.7,27.7,15.4,10.6,1,0.1,2,0.1,250.8309937,110
IRIS_313-10821,Indonesia,-6.75,107.49972,1.1,20.6,9.3,47.6,1.18,5.4,24.7,27.7,15.4,10.6,1,0.1,2,0.1,250.8309937,110
IRIS_313-10822,Indonesia,-1.22333,100.44778,1.13,14.5,8.3,48.2,1.04,5.1,22.2,29.6,112.4,10.7,1,0.1,1,0.1,211.8679962,110
IRIS_313-10823,Indonesia,0.70417,101.93361,1.28,13.4,2.6,45.6,0.7,4.7,24,30.4,193.8,9.4,1,0.1,1,0.1,57.81129837,200
IRIS_313-10824,Indonesia,-2.69056,119.02583,1.19,15.7,12.2,42.9,1.4,5.1,25.9,31.2,32.6,9.5,1,0.1,2,0.1,241.8800049,110
IRIS_313-10842,Indonesia,-2.69056,119.02583,1.19,15.7,12.2,42.9,1.4,5.1,25.9,31.2,32.6,9.5,1,0.1,2,0.1,241.8800049,110
IRIS_313-10844,Indonesia,-2.69056,119.02583,1.19,15.7,12.2,42.9,1.4,5.1,25.9,31.2,32.6,9.5,1,0.1,2,0.1,241.8800049,110
IRIS_313-10847,India,26.6,94.2,1.33,16.5,13.1,35.9,2.55,5.6,35.5,28.6,6.9,6.4,2,0.1,2,0.1,241.3040009,110
IRIS_313-10855,India,25.51667,90.2,1.29,16.5,22.4,37.7,1.03,5.2,36,26.3,8.3,7.5,1,0.1,1,0.1,241.947998,110
IRIS_313-10899,Cambodia,11.41,105.33139,1.4,20.1,7.8,38.3,1,5.9,26.7,35,16.6,12.8,2,0.1,2,0.1,238.602005,200
IRIS_313-10900,Cambodia,11.41,105.33139,1.4,20.1,7.8,38.3,1,5.9,26.7,35,16.6,12.8,2,0.1,2,0.1,238.602005,200
IRIS_313-10901,Cambodia,11.41,105.33139,1.4,20.1,7.8,38.3,1,5.9,26.7,35,16.6,12.8,2,0.1,2,0.1,238.602005,200
IRIS_313-10903,Cambodia,11.57611,104.28361,1.51,15.3,14.6,37.8,0.51,6.2,36.6,25.7,3.6,6.9,2,0.1,1,0.1,244.2519989,98
IRIS_313-10908,Cambodia,11.41,105.33139,1.4,20.1,7.8,38.3,1,5.9,26.7,35,16.6,12.8,2,0.1,2,0.1,238.602005,200
IRIS_313-10910,Cambodia,11.57611,104.28361,1.51,15.3,14.6,37.8,0.51,6.2,36.6,25.7,3.6,6.9,2,0.1,1,0.1,244.2519989,98
IRIS_313-10913,Cambodia,11.57611,104.28361,1.51,15.3,14.6,37.8,0.51,6.2,36.6,25.7,3.6,6.9,2,0.1,1,0.1,244.2519989,98
IRIS_313-10917,Philippines,17.2,120.75,1.26,14.7,17.1,39.3,2.07,5.6,27.5,33.2,11.4,11.1,1,0.1,1,0.1,234.6029968,110
IRIS_313-10921,Laos,19.86361,102.1075,1.36,13.8,17.1,33.3,0.65,6,32.7,34,5.2,6.9,1,0.1,2,0.1,249.1390076,62
IRIS_313-10928,Thailand,13.03944,101.49194,1.44,14.8,12.1,33.7,0.42,6,31.5,34.8,4.9,8.6,3,0.1,2,0.1,244.2519989,98
IRIS_313-10935,Indonesia,1.83278,98.75694,1.14,9.4,11.8,50,0.88,5.1,30,20,35.7,7.9,1,0.1,1,0.1,246.1150055,110
IRIS_313-10937,Indonesia,-1.75833,102.80611,1.24,10.3,6.4,49.1,0.58,4.7,31,19.9,18,6.5,1,0.1,2,0.1,253.9960022,110
IRIS_313-10938,Indonesia,4.02694,96.62972,1.19,16.4,10.5,47.5,1.13,4.9,31.6,21,60.4,7.6,1,0.1,1,0.1,246.1150055,110
IRIS_313-10940,Indonesia,4.02694,96.62972,1.19,16.4,10.5,47.5,1.13,4.9,31.6,21,60.4,7.6,1,0.1,1,0.1,246.1150055,110
IRIS_313-10942,Indonesia,-1.22333,100.44778,1.13,14.5,8.3,48.2,1.04,5.1,22.2,29.6,112.4,10.7,1,0.1,1,0.1,211.8679962,110
IRIS_313-10943,Indonesia,-0.6975,103.07028,1.2,29.4,6.4,46.5,1.4,4.7,20.8,32.7,251,14.6,1,0.1,1,0.1,57.81129837,200
IRIS_313-10944,Indonesia,-1.16972,100.45611,1.11,11.8,11.5,49.1,0.84,5,27,23.9,76.7,8.8,1,0.1,1,0.1,211.8679962,110
IRIS_313-10951,Indonesia,1.83278,98.75694,1.14,9.4,11.8,50,0.88,5.1,30,20,35.7,7.9,1,0.1,1,0.1,246.1150055,110
IRIS_313-10954,Indonesia,-3.88861,103.19611,1.02,22,9.6,43.3,1.47,5.7,25.9,30.7,21.4,10.6,1,0.1,2,0.1,256.7279968,22
IRIS_313-10955,Indonesia,-4.69,119.63028,1.21,18.6,13.9,40.5,1.87,5.3,26.5,33,52.8,13.2,2,0.1,3,0.1,232.2109985,164
IRIS_313-10961,Indonesia,0.70417,101.93361,1.28,13.4,2.6,45.6,0.7,4.7,24,30.4,193.8,9.4,1,0.1,1,0.1,57.81129837,200
IRIS_313-10962,Indonesia,0.70417,101.93361,1.28,13.4,2.6,45.6,0.7,4.7,24,30.4,193.8,9.4,1,0.1,1,0.1,57.81129837,200
IRIS_313-10970,Vietnam,16.47278,106.66056,1.3,17.7,16.1,46.4,0.73,5.7,27.1,26.5,8.2,9.8,1,0.1,2,0.1,249.1390076,62
IRIS_313-10971,Bangladesh,23.61167,90.33972,1.35,18.6,8,45.3,1.27,5.7,24.1,30.7,24.3,9.2,2,0.1,2,0.1,230.4100037,200
IRIS_313-10972,Bangladesh,23.61167,90.33972,1.35,18.6,8,45.3,1.27,5.7,24.1,30.7,24.3,9.2,2,0.1,2,0.1,230.4100037,200
IRIS_313-10973,Bangladesh,23.61167,90.33972,1.35,18.6,8,45.3,1.27,5.7,24.1,30.7,24.3,9.2,2,0.1,2,0.1,230.4100037,200
IRIS_313-10974,Bangladesh,23.61167,90.33972,1.35,18.6,8,45.3,1.27,5.7,24.1,30.7,24.3,9.2,2,0.1,2,0.1,230.4100037,200
IRIS_313-10975,Bangladesh,23.61167,90.33972,1.35,18.6,8,45.3,1.27,5.7,24.1,30.7,24.3,9.2,2,0.1,2,0.1,230.4100037,200
IRIS_313-10977,Bangladesh,23.61167,90.33972,1.35,18.6,8,45.3,1.27,5.7,24.1,30.7,24.3,9.2,2,0.1,2,0.1,230.4100037,200
IRIS_313-10978,Bangladesh,23.61167,90.33972,1.35,18.6,8,45.3,1.27,5.7,24.1,30.7,24.3,9.2,2,0.1,2,0.1,230.4100037,200
IRIS_313-10982,Bangladesh,23.61167,90.33972,1.35,18.6,8,45.3,1.27,5.7,24.1,30.7,24.3,9.2,2,0.1,2,0.1,230.4100037,200
IRIS_313-10983,Bangladesh,23.61167,90.33972,1.35,18.6,8,45.3,1.27,5.7,24.1,30.7,24.3,9.2,2,0.1,2,0.1,230.4100037,200
IRIS_313-10984,Bangladesh,23.61167,90.33972,1.35,18.6,8,45.3,1.27,5.7,24.1,30.7,24.3,9.2,2,0.1,2,0.1,230.4100037,200
IRIS_313-10985,Bangladesh,23.61167,90.33972,1.35,18.6,8,45.3,1.27,5.7,24.1,30.7,24.3,9.2,2,0.1,2,0.1,230.4100037,200
IRIS_313-10986,Bangladesh,23.61167,90.33972,1.35,18.6,8,45.3,1.27,5.7,24.1,30.7,24.3,9.2,2,0.1,2,0.1,230.4100037,200
IRIS_313-10995,Indonesia,-4.69,119.63028,1.21,18.6,13.9,40.5,1.87,5.3,26.5,33,52.8,13.2,2,0.1,3,0.1,232.2109985,164
IRIS_313-10997,Indonesia,-2.69056,119.02583,1.19,15.7,12.2,42.9,1.4,5.1,25.9,31.2,32.6,9.5,1,0.1,2,0.1,241.8800049,110
IRIS_313-11000,Indonesia,-2.69056,119.02583,1.19,15.7,12.2,42.9,1.4,5.1,25.9,31.2,32.6,9.5,1,0.1,2,0.1,241.8800049,110
IRIS_313-11006,Indonesia,-4.66667,120.05,1.4,14,13.8,45.7,0.64,5.4,26.5,27.8,25.2,9.1,1,0.1,2,0.1,190.6900024,92
IRIS_313-11010,Indonesia,0.67333,122.7525,1.39,16.5,13.2,49.4,1.22,5.4,26,24.6,15.2,6.3,1,0.1,2,0.1,241.8800049,110
IRIS_313-11011,Indonesia,-2.69056,119.02583,1.19,15.7,12.2,42.9,1.4,5.1,25.9,31.2,32.6,9.5,1,0.1,2,0.1,241.8800049,110
IRIS_313-11041,India,10.75861,78.98389,1.53,32.3,10.6,49,0.73,7.6,26.2,24.8,3.9,7.4,3,0.1,3,0.1,213.9830017,110
IRIS_313-11042,India,9.8575,78.07472,1.52,33.7,14.8,41.1,0.93,7.6,35.7,23.3,6,7.7,1,0.1,1,0.1,227.2599945,110
IRIS_313-11071,Laos,18.59222,102.17278,1.34,15.6,22.8,36.4,0.82,5.3,31.2,32.4,7.8,6.5,1,0.1,2,0.1,245.8500061,110
IRIS_313-11072,Laos,18.28028,103.86139,1.37,14.4,16.5,37.5,1.13,5.5,28.3,34.2,8.3,7.1,2,0.1,1,0.1,229.7149963,110
IRIS_313-11076,Laos,17.63833,105.21889,1.24,15.6,25.9,36.2,1.79,5.4,27.4,36.4,9.2,8.5,1,0.1,2,0.1,249.1390076,62
IRIS_313-11079,Laos,18.28028,103.86139,1.37,14.4,16.5,37.5,1.13,5.5,28.3,34.2,8.3,7.1,2,0.1,1,0.1,229.7149963,110
IRIS_313-11081,Laos,18.28028,103.86139,1.37,14.4,16.5,37.5,1.13,5.5,28.3,34.2,8.3,7.1,2,0.1,1,0.1,229.7149963,110
IRIS_313-11082,Laos,18.28028,103.86139,1.37,14.4,16.5,37.5,1.13,5.5,28.3,34.2,8.3,7.1,2,0.1,1,0.1,229.7149963,110
IRIS_313-11083,Laos,16.50056,105.75028,1.31,13.8,19.1,31.6,0.53,5.6,39.8,28.5,8.4,13,1,0.1,2,0.1,245.8500061,110
IRIS_313-11085,Laos,16.42139,106.40306,1.35,19.1,12.2,40.4,0.54,5.7,30.8,28.7,6.9,11.5,1,0.1,2,0.1,249.1390076,62
IRIS_313-11088,Cambodia,13.01722,106.10083,1.35,19.8,15.1,40.3,1.15,5.8,29.3,30.4,7.3,9.2,2,0.1,3,0.1,238.602005,200
IRIS_313-11089,Cambodia,12.30083,104.9825,1.34,19.8,10.3,37,1.04,6,25.4,37.7,3.2,11.9,2,0.1,2,0.1,234.4600067,200
IRIS_313-11091,Laos,16.50056,105.75028,1.31,13.8,19.1,31.6,0.53,5.6,39.8,28.5,8.4,13,1,0.1,2,0.1,245.8500061,110
IRIS_313-11113,Bangladesh,23.61167,90.33972,1.35,18.6,8,45.3,1.27,5.7,24.1,30.7,24.3,9.2,2,0.1,2,0.1,230.4100037,200
IRIS_313-11114,Bangladesh,23.61167,90.33972,1.35,18.6,8,45.3,1.27,5.7,24.1,30.7,24.3,9.2,2,0.1,2,0.1,230.4100037,200
IRIS_313-11115,Bangladesh,23.61167,90.33972,1.35,18.6,8,45.3,1.27,5.7,24.1,30.7,24.3,9.2,2,0.1,2,0.1,230.4100037,200
IRIS_313-11118,Vietnam,16.47278,106.66056,1.3,17.7,16.1,46.4,0.73,5.7,27.1,26.5,8.2,9.8,1,0.1,2,0.1,249.1390076,62
IRIS_313-11119,Vietnam,16.47278,106.66056,1.3,17.7,16.1,46.4,0.73,5.7,27.1,26.5,8.2,9.8,1,0.1,2,0.1,249.1390076,62
IRIS_313-11120,Bhutan,26.93306,89.95,1.18,16.3,24.5,33.7,3.08,5.4,30.8,35.5,5.9,5.5,1,0.1,1,0.1,244.6660004,110
IRIS_313-11178,Indonesia,-1.22333,100.44778,1.13,14.5,8.3,48.2,1.04,5.1,22.2,29.6,112.4,10.7,1,0.1,1,0.1,211.8679962,110
IRIS_313-11179,Indonesia,1.83278,98.75694,1.14,9.4,11.8,50,0.88,5.1,30,20,35.7,7.9,1,0.1,1,0.1,246.1150055,110
IRIS_313-11180,Indonesia,-1.22333,100.44778,1.13,14.5,8.3,48.2,1.04,5.1,22.2,29.6,112.4,10.7,1,0.1,1,0.1,211.8679962,110
IRIS_313-11181,Indonesia,1.83278,98.75694,1.14,9.4,11.8,50,0.88,5.1,30,20,35.7,7.9,1,0.1,1,0.1,246.1150055,110
IRIS_313-11182,Indonesia,-2.69056,119.02583,1.19,15.7,12.2,42.9,1.4,5.1,25.9,31.2,32.6,9.5,1,0.1,2,0.1,241.8800049,110
IRIS_313-11196,Philippines,15.99056,120.1425,1.42,23.9,23.5,32.6,0.95,5.9,25.3,42.2,5.9,7.4,1,0.1,1,0.1,234.6029968,110
IRIS_313-11203,Bangladesh,25.9,89.03333,1.42,16.5,9.3,31.1,0.76,6.3,31.7,37.1,5.4,8,2,0.1,3,0.1,229.6889954,164
IRIS_313-11206,Bangladesh,25.9,89.03333,1.42,16.5,9.3,31.1,0.76,6.3,31.7,37.1,5.4,8,2,0.1,3,0.1,229.6889954,164
IRIS_313-11207,Bangladesh,25.9,89.03333,1.42,16.5,9.3,31.1,0.76,6.3,31.7,37.1,5.4,8,2,0.1,3,0.1,229.6889954,164
IRIS_313-11208,Bangladesh,22.29889,90.44056,1.33,16.7,10,33.8,2.02,5.7,19.2,47,18.3,12.9,2,0.1,2,0.1,230.4100037,200
IRIS_313-11209,Bangladesh,25.9,89.03333,1.42,16.5,9.3,31.1,0.76,6.3,31.7,37.1,5.4,8,2,0.1,3,0.1,229.6889954,164
IRIS_313-11212,Bangladesh,24.91028,88.75556,1.39,17.5,8.4,48.4,0.75,7.1,16.6,35.1,6.3,12.2,2,0.1,2,0.1,238.3150024,200
IRIS_313-11219,Bangladesh,23.61167,90.33972,1.35,18.6,8,45.3,1.27,5.7,24.1,30.7,24.3,9.2,2,0.1,2,0.1,230.4100037,200
IRIS_313-11220,Bangladesh,23.61167,90.33972,1.35,18.6,8,45.3,1.27,5.7,24.1,30.7,24.3,9.2,2,0.1,2,0.1,230.4100037,200
IRIS_313-11222,Bangladesh,23.61167,90.33972,1.35,18.6,8,45.3,1.27,5.7,24.1,30.7,24.3,9.2,2,0.1,2,0.1,230.4100037,200
IRIS_313-11224,Bangladesh,23.61167,90.33972,1.35,18.6,8,45.3,1.27,5.7,24.1,30.7,24.3,9.2,2,0.1,2,0.1,230.4100037,200
IRIS_313-11225,Bangladesh,23.61167,90.33972,1.35,18.6,8,45.3,1.27,5.7,24.1,30.7,24.3,9.2,2,0.1,2,0.1,230.4100037,200
IRIS_313-11226,Bangladesh,23.61167,90.33972,1.35,18.6,8,45.3,1.27,5.7,24.1,30.7,24.3,9.2,2,0.1,2,0.1,230.4100037,200
IRIS_313-11227,Bangladesh,23.61167,90.33972,1.35,18.6,8,45.3,1.27,5.7,24.1,30.7,24.3,9.2,2,0.1,2,0.1,230.4100037,200
IRIS_313-11228,Bangladesh,23.61167,90.33972,1.35,18.6,8,45.3,1.27,5.7,24.1,30.7,24.3,9.2,2,0.1,2,0.1,230.4100037,200
IRIS_313-11229,Bangladesh,23.61167,90.33972,1.35,18.6,8,45.3,1.27,5.7,24.1,30.7,24.3,9.2,2,0.1,2,0.1,230.4100037,200
IRIS_313-11230,Bangladesh,23.61167,90.33972,1.35,18.6,8,45.3,1.27,5.7,24.1,30.7,24.3,9.2,2,0.1,2,0.1,230.4100037,200
IRIS_313-11231,Bangladesh,23.61167,90.33972,1.35,18.6,8,45.3,1.27,5.7,24.1,30.7,24.3,9.2,2,0.1,2,0.1,230.4100037,200
IRIS_313-11312,Indonesia,0.86361,109.89389,1.06,11.8,10.4,46.9,1.11,5.2,28.5,24.6,38.5,7.4,1,0.1,2,0.1,241.8800049,110
IRIS_313-11315,Indonesia,-3.29472,104.14194,1.25,22.8,6.7,54.3,0.96,5.1,16.5,29.3,105.3,11.3,2,0.1,2,0.1,191.5509949,200
IRIS_313-11316,Indonesia,0.86361,109.89389,1.06,11.8,10.4,46.9,1.11,5.2,28.5,24.6,38.5,7.4,1,0.1,2,0.1,241.8800049,110
IRIS_313-11317,Indonesia,1.83278,98.75694,1.14,9.4,11.8,50,0.88,5.1,30,20,35.7,7.9,1,0.1,1,0.1,246.1150055,110
IRIS_313-11318,Indonesia,1.24972,124.83306,1.08,15.4,7.9,42.8,0.93,5.2,24.5,32.7,26.1,9,2,0.1,3,0.1,229.1139984,110
IRIS_313-11319,Indonesia,-2.45806,115.40806,1.19,20,8,41.7,0.84,5,25.2,33.1,149.1,10.3,2,0.1,2,0.1,197.9579926,74
IRIS_313-11320,Indonesia,-2.63111,115.3525,1.16,22,4.7,45.6,0.9,5.5,23.2,31.2,192.1,10.7,2,0.1,2,0.1,197.9579926,74
IRIS_313-11327,Thailand,16,103,1.52,15.8,20,37.2,0.39,5.8,36.1,26.7,4.5,6.7,3,0.1,4,0.1,235.0130005,110
IRIS_313-11330,Philippines,17.95111,120.74333,1.34,15.1,18.4,38,1.02,5.7,26.3,35.6,7.5,9.4,1,0.1,2,0.1,234.6029968,110
IRIS_313-11331,Philippines,18.1775,120.69472,1.52,29.8,6.6,36.2,0.44,6.8,21.3,42.5,4.1,9,2,0.1,2,0.1,231.6779938,110
IRIS_313-11334,Philippines,18.1775,120.69472,1.52,29.8,6.6,36.2,0.44,6.8,21.3,42.5,4.1,9,2,0.1,2,0.1,231.6779938,110
IRIS_313-11335,Philippines,16.52139,120.42278,1.43,16.5,24.9,28.9,0.78,6.2,32.7,38.4,6.9,8.8,1,0.1,1,0.1,234.6029968,110
IRIS_313-11338,Philippines,8.6175,123.48778,1.31,16.5,11.5,41.2,0.8,5.4,27.5,31.3,10,8.4,1,0.1,1,0.1,234.6029968,110
IRIS_313-11339,Philippines,13.11139,121.04722,1.2,20.3,18.8,33.1,0.99,5.8,32.4,34.5,10.7,10.5,1,0.1,2,0.1,251.2030029,110
IRIS_313-11341,Philippines,18.1775,120.69472,1.52,29.8,6.6,36.2,0.44,6.8,21.3,42.5,4.1,9,2,0.1,2,0.1,231.6779938,110
IRIS_313-11343,Philippines,17.98,120.65972,1.47,27.1,6.4,36.8,0.62,6.7,21.1,42.1,6.3,9.1,1,0.1,1,0.1,234.6029968,110
IRIS_313-11344,Philippines,15.99056,120.44167,1.52,34.8,3.5,40.7,0.64,6.6,15.9,43.4,5.6,9.7,2,0.1,2,0.1,231.6779938,110
IRIS_313-11345,Philippines,18.1775,120.69472,1.52,29.8,6.6,36.2,0.44,6.8,21.3,42.5,4.1,9,2,0.1,2,0.1,231.6779938,110
IRIS_313-11347,Philippines,17.56222,120.39389,1.42,23,6.4,32.8,1.58,6.6,28.6,38.6,8.8,11.6,2,0.1,2,0.1,231.6779938,110
IRIS_313-11377,Philippines,17.5675,120.79472,1.34,18.6,20,37.1,1,5.5,26.5,36.4,6.4,8.9,2,0.1,2,0.1,231.6779938,110
IRIS_313-11381,Philippines,16.8775,121.25806,1.3,15.9,12.8,42.9,1.05,5.7,26.7,30.5,9.7,8.7,1,0.1,2,0.1,251.2030029,110
IRIS_313-11386,Thailand,13.03944,101.49194,1.44,14.8,12.1,33.7,0.42,6,31.5,34.8,4.9,8.6,3,0.1,2,0.1,244.2519989,98
IRIS_313-11387,Thailand,13.03944,101.49194,1.44,14.8,12.1,33.7,0.42,6,31.5,34.8,4.9,8.6,3,0.1,2,0.1,244.2519989,98
IRIS_313-11388,Thailand,18.74389,99.72306,1.34,12.1,25,40.3,0.85,5.6,37.5,22.2,7.7,6.6,1,0.1,2,0.1,237.2030029,110
IRIS_313-11394,Indonesia,-7.49306,112.42861,1.37,23.1,10,38.2,0.47,5.8,38.3,23.5,6.1,6.8,2,0.1,3,0.1,232.2109985,164
IRIS_313-11395,Indonesia,-7.49306,112.42861,1.37,23.1,10,38.2,0.47,5.8,38.3,23.5,6.1,6.8,2,0.1,3,0.1,232.2109985,164
IRIS_313-11398,Indonesia,-0.65028,119.81389,1.43,17.8,9.5,33.6,2.07,5.7,33.8,32.6,19.5,6.4,1,0.1,2,0.1,241.8800049,110
IRIS_313-11400,Bangladesh,24.59056,91.71889,1.39,16,16.7,31.2,2.24,5.5,40.8,28,18.6,8.4,2,0.1,2,0.1,230.4100037,200
IRIS_313-11402,Bangladesh,24.30528,91.67944,1.39,17.2,10.4,36.4,2.1,5.6,30.6,33.1,6.7,9,2,0.1,2,0.1,230.4100037,200
IRIS_313-11403,India,10.75861,78.98389,1.53,32.3,10.6,49,0.73,7.6,26.2,24.8,3.9,7.4,3,0.1,3,0.1,213.9830017,110
IRIS_313-11404,Bangladesh,24.38333,91.41667,1.37,19.2,11.6,39.4,2.51,5.5,30.7,30,7.1,8.2,2,0.1,2,0.1,230.4100037,200
IRIS_313-11405,Myanmar,18.68361,96.68306,1.38,20.6,22.9,32.8,0.79,5.5,36.6,30.6,11.1,6.5,2,0.1,2,0.1,220.6580048,164
IRIS_313-11414,India,21.12778,82.80056,1.67,29.2,23.1,42.2,0.52,7.2,22.8,35,3.4,6.2,1,0.1,1,0.1,220.5570068,110
IRIS_313-11442,India,21.12778,82.80056,1.67,29.2,23.1,42.2,0.52,7.2,22.8,35,3.4,6.2,1,0.1,1,0.1,220.5570068,110
IRIS_313-11443,India,21.12778,82.80056,1.67,29.2,23.1,42.2,0.52,7.2,22.8,35,3.4,6.2,1,0.1,1,0.1,220.5570068,110
IRIS_313-11445,India,25.87972,85.80389,1.42,14.7,10.5,30,0.74,7.4,31.6,38.4,4.2,8,1,0.3,1,0.3,238.8240051,164
IRIS_313-11446,India,24.77,93.86222,1.36,15.1,16.1,37.1,1.25,5.7,28.8,34.1,7.1,8.7,1,0.1,2,0.1,249.404007,62
IRIS_313-11447,India,24.77,93.86222,1.36,15.1,16.1,37.1,1.25,5.7,28.8,34.1,7.1,8.7,1,0.1,2,0.1,249.404007,62
IRIS_313-11460,India,21.12778,82.80056,1.67,29.2,23.1,42.2,0.52,7.2,22.8,35,3.4,6.2,1,0.1,1,0.1,220.5570068,110
IRIS_313-11490,India,24.41667,93.49972,1.13,17.9,29.9,38.4,1.91,5.2,24.5,37.2,7,7.8,1,0.1,2,0.1,267.2160034,62
IRIS_313-11492,India,21.12778,82.80056,1.67,29.2,23.1,42.2,0.52,7.2,22.8,35,3.4,6.2,1,0.1,1,0.1,220.5570068,110
IRIS_313-11505,India,21.12778,82.80056,1.67,29.2,23.1,42.2,0.52,7.2,22.8,35,3.4,6.2,1,0.1,1,0.1,220.5570068,110
IRIS_313-11506,India,21.12778,82.80056,1.67,29.2,23.1,42.2,0.52,7.2,22.8,35,3.4,6.2,1,0.1,1,0.1,220.5570068,110
IRIS_313-11509,Thailand,13.03944,101.49194,1.44,14.8,12.1,33.7,0.42,6,31.5,34.8,4.9,8.6,3,0.1,2,0.1,244.2519989,98
IRIS_313-11521,Vietnam,16.47278,106.66056,1.3,17.7,16.1,46.4,0.73,5.7,27.1,26.5,8.2,9.8,1,0.1,2,0.1,249.1390076,62
IRIS_313-11530,Thailand,13.03944,101.49194,1.44,14.8,12.1,33.7,0.42,6,31.5,34.8,4.9,8.6,3,0.1,2,0.1,244.2519989,98
IRIS_313-11543,Myanmar,17.62,96.58472,1.34,25.3,16.6,33.3,1.16,6,28.5,38.2,20.9,12.1,1,0.1,1,0.1,220.6580048,164
IRIS_313-11544,Myanmar,21.7225,98.66694,1.3,15.1,30.3,41.8,0.95,5.5,27.9,30.3,10.2,8.5,1,0.1,2,0.1,249.1390076,62
IRIS_313-11545,Myanmar,24.48778,95.52333,1.38,18.3,19.3,36.3,0.69,5.6,32.1,31.6,6.4,6.7,1,0.1,2,0.1,249.404007,62
IRIS_313-11546,Myanmar,24.48778,95.52333,1.38,18.3,19.3,36.3,0.69,5.6,32.1,31.6,6.4,6.7,1,0.1,2,0.1,249.404007,62
IRIS_313-11547,Myanmar,21.7225,98.66694,1.3,15.1,30.3,41.8,0.95,5.5,27.9,30.3,10.2,8.5,1,0.1,2,0.1,249.1390076,62
IRIS_313-11548,Myanmar,24.48778,95.52333,1.38,18.3,19.3,36.3,0.69,5.6,32.1,31.6,6.4,6.7,1,0.1,2,0.1,249.404007,62
IRIS_313-11549,Myanmar,24.48778,95.52333,1.38,18.3,19.3,36.3,0.69,5.6,32.1,31.6,6.4,6.7,1,0.1,2,0.1,249.404007,62
IRIS_313-11558,Bangladesh,23.61167,90.33972,1.35,18.6,8,45.3,1.27,5.7,24.1,30.7,24.3,9.2,2,0.1,2,0.1,230.4100037,200
IRIS_313-11561,Nepal,27.21167,84.73778,1.4,13,19.7,28.2,0.62,6.6,36.2,35.5,4.2,6.3,3,0.1,2,0.1,236.5440063,164
IRIS_313-11599,India,21.33306,83,1.72,33.8,12,41.1,0.53,7.6,23.3,35.5,3.2,6.5,1,0.1,1,0.1,220.5570068,110
IRIS_313-11607,India,23.97472,78.42111,1.68,37.7,15.5,34.7,0.49,7.6,22.2,43.1,4.3,6.9,1,0.1,1,0.2,194.0509949,92
IRIS_313-11608,Thailand,8.5375,99.72306,1.14,17.1,18.6,43.8,0.87,5.3,27.5,28.7,10.7,8.1,1,0.1,2,0.1,249.1390076,62
IRIS_313-11610,Thailand,8.5375,99.72306,1.14,17.1,18.6,43.8,0.87,5.3,27.5,28.7,10.7,8.1,1,0.1,2,0.1,249.1390076,62
IRIS_313-11638,India,21.12778,82.80056,1.67,29.2,23.1,42.2,0.52,7.2,22.8,35,3.4,6.2,1,0.1,1,0.1,220.5570068,110
IRIS_313-11639,India,21.12778,82.80056,1.67,29.2,23.1,42.2,0.52,7.2,22.8,35,3.4,6.2,1,0.1,1,0.1,220.5570068,110
IRIS_313-11640,India,21.12778,82.80056,1.67,29.2,23.1,42.2,0.52,7.2,22.8,35,3.4,6.2,1,0.1,1,0.1,220.5570068,110
IRIS_313-11641,India,21.12778,82.80056,1.67,29.2,23.1,42.2,0.52,7.2,22.8,35,3.4,6.2,1,0.1,1,0.1,220.5570068,110
IRIS_313-11642,India,21.12778,82.80056,1.67,29.2,23.1,42.2,0.52,7.2,22.8,35,3.4,6.2,1,0.1,1,0.1,220.5570068,110
IRIS_313-11645,India,21.12778,82.80056,1.67,29.2,23.1,42.2,0.52,7.2,22.8,35,3.4,6.2,1,0.1,1,0.1,220.5570068,110
IRIS_313-11646,India,21.12778,82.80056,1.67,29.2,23.1,42.2,0.52,7.2,22.8,35,3.4,6.2,1,0.1,1,0.1,220.5570068,110
IRIS_313-11647,India,21.12778,82.80056,1.67,29.2,23.1,42.2,0.52,7.2,22.8,35,3.4,6.2,1,0.1,1,0.1,220.5570068,110
IRIS_313-11648,India,21.12778,82.80056,1.67,29.2,23.1,42.2,0.52,7.2,22.8,35,3.4,6.2,1,0.1,1,0.1,220.5570068,110
IRIS_313-11677,Thailand,15.22917,105.855,1.31,19.1,9.3,27.3,0.52,5.9,39.6,33.2,12,7.6,2,0.1,1,0.1,229.7149963,110
IRIS_313-11678,Thailand,15.97167,102.62194,1.59,17,16.4,36.1,0.4,6,35.1,28.8,5.7,6.9,3,0.1,4,0.1,235.0130005,110
IRIS_313-11679,Thailand,16.44389,100.34778,1.45,18.1,9.6,40.6,0.42,6.4,23.9,35.5,7.8,7.2,2,0.1,3,0.1,238.602005,200
IRIS_313-11682,Thailand,15.97167,102.62194,1.59,17,16.4,36.1,0.4,6,35.1,28.8,5.7,6.9,3,0.1,4,0.1,235.0130005,110
IRIS_313-11685,Thailand,15.22917,105.855,1.31,19.1,9.3,27.3,0.52,5.9,39.6,33.2,12,7.6,2,0.1,1,0.1,229.7149963,110
IRIS_313-11686,Thailand,13.03944,101.49194,1.44,14.8,12.1,33.7,0.42,6,31.5,34.8,4.9,8.6,3,0.1,2,0.1,244.2519989,98
IRIS_313-11687,Thailand,16.01389,101.88889,1.47,18.8,15,34.1,0.44,6,33.3,32.5,4.7,7,3,0.1,2,0.1,244.2519989,98
IRIS_313-11692,Taiwan,23.6,120.65389,1.31,12.8,14,37.2,1.06,5.1,23.9,38.9,8.6,10.9,2,0.1,2,0.1,261.5109863,70
IRIS_313-11693,Taiwan,23.6,120.65389,1.31,12.8,14,37.2,1.06,5.1,23.9,38.9,8.6,10.9,2,0.1,2,0.1,261.5109863,70
IRIS_313-11694,Taiwan,23.6,120.65389,1.31,12.8,14,37.2,1.06,5.1,23.9,38.9,8.6,10.9,2,0.1,2,0.1,261.5109863,70
IRIS_313-11704,Thailand,14.34917,100.55917,1.37,21.7,8.6,50.4,0.66,6.4,13.6,36.1,18,8.9,17,0.1,15,0.1,216.8200073,200
IRIS_313-11709,Thailand,13.20167,101.25194,1.47,11.3,5.7,36,0.42,6,36.4,27.6,7.4,7.2,3,0.1,2,0.1,244.2519989,98
IRIS_313-11712,India,21.12778,82.80056,1.67,29.2,23.1,42.2,0.52,7.2,22.8,35,3.4,6.2,1,0.1,1,0.1,220.5570068,110
IRIS_313-11719,Thailand,13.03944,101.49194,1.44,14.8,12.1,33.7,0.42,6,31.5,34.8,4.9,8.6,3,0.1,2,0.1,244.2519989,98
IRIS_313-11720,Thailand,13.03944,101.49194,1.44,14.8,12.1,33.7,0.42,6,31.5,34.8,4.9,8.6,3,0.1,2,0.1,244.2519989,98
IRIS_313-11721,Thailand,13.03944,101.49194,1.44,14.8,12.1,33.7,0.42,6,31.5,34.8,4.9,8.6,3,0.1,2,0.1,244.2519989,98
IRIS_313-11722,Bangladesh,24.88333,92.38333,1.38,15.2,11.5,30.4,0.91,5.2,44.8,24.8,13.8,6.7,1,0.1,1,0.1,246.0630035,62
IRIS_313-11737,India,21.29972,80.92944,1.7,35.5,16.2,45.6,0.49,7.5,21.7,32.7,3.3,6.4,2,0.1,2,0.1,222.5449982,92
IRIS_313-11744,China,27.57667,111.55833,1.45,19.5,23.2,35.9,0.72,5.9,24.6,39.5,7,6,2,0.1,2,0.1,245.9160004,110
IRIS_313-11745,China,27.57667,111.55833,1.45,19.5,23.2,35.9,0.72,5.9,24.6,39.5,7,6,2,0.1,2,0.1,245.9160004,110
IRIS_313-11816,Myanmar,18.68361,96.68306,1.38,20.6,22.9,32.8,0.79,5.5,36.6,30.6,11.1,6.5,2,0.1,2,0.1,220.6580048,164
IRIS_313-11817,Myanmar,18.68361,96.68306,1.38,20.6,22.9,32.8,0.79,5.5,36.6,30.6,11.1,6.5,2,0.1,2,0.1,220.6580048,164
IRIS_313-11818,Myanmar,18.68361,96.68306,1.38,20.6,22.9,32.8,0.79,5.5,36.6,30.6,11.1,6.5,2,0.1,2,0.1,220.6580048,164
IRIS_313-11819,Myanmar,18.68361,96.68306,1.38,20.6,22.9,32.8,0.79,5.5,36.6,30.6,11.1,6.5,2,0.1,2,0.1,220.6580048,164
IRIS_313-11820,Myanmar,18.68361,96.68306,1.38,20.6,22.9,32.8,0.79,5.5,36.6,30.6,11.1,6.5,2,0.1,2,0.1,220.6580048,164
IRIS_313-11821,India,21.12778,82.80056,1.67,29.2,23.1,42.2,0.52,7.2,22.8,35,3.4,6.2,1,0.1,1,0.1,220.5570068,110
IRIS_313-11822,India,21.12778,82.80056,1.67,29.2,23.1,42.2,0.52,7.2,22.8,35,3.4,6.2,1,0.1,1,0.1,220.5570068,110
IRIS_313-11823,India,21.12778,82.80056,1.67,29.2,23.1,42.2,0.52,7.2,22.8,35,3.4,6.2,1,0.1,1,0.1,220.5570068,110
IRIS_313-11826,India,21.12778,82.80056,1.67,29.2,23.1,42.2,0.52,7.2,22.8,35,3.4,6.2,1,0.1,1,0.1,220.5570068,110
IRIS_313-11827,India,21.12778,82.80056,1.67,29.2,23.1,42.2,0.52,7.2,22.8,35,3.4,6.2,1,0.1,1,0.1,220.5570068,110
IRIS_313-11836,Thailand,14.21194,101.20167,1.42,17.9,8.3,42.4,0.65,5.9,24.1,33.5,10.7,11.6,3,0.1,4,0.1,235.0130005,110
IRIS_313-11837,Thailand,13.54889,101.61583,1.49,13.4,8.4,43.2,0.34,5.8,32.1,24.7,3.1,6.6,3,0.1,2,0.1,244.2519989,98
IRIS_313-11841,Thailand,14.21194,101.20167,1.42,17.9,8.3,42.4,0.65,5.9,24.1,33.5,10.7,11.6,3,0.1,4,0.1,235.0130005,110
IRIS_313-11848,Malaysia,4.64806,115.67222,1.04,16.3,10.3,49.7,1.42,5.2,25.6,24.7,41,9.4,1,0.1,2,0.1,241.8800049,110
IRIS_313-11849,Malaysia,2.03028,109.6425,1.15,13.9,13.6,40.2,0.8,5.4,33.7,26.1,31.7,8.7,3,0.1,6,0.1,257.947998,80
IRIS_313-11850,Malaysia,2.03028,109.6425,1.15,13.9,13.6,40.2,0.8,5.4,33.7,26.1,31.7,8.7,3,0.1,6,0.1,257.947998,80
IRIS_313-11893,Vietnam,22.50222,104.31583,1.25,13,26.7,31.4,1.01,5.6,31.1,37.5,7.9,7.4,1,0.1,2,0.1,249.1390076,62
IRIS_313-11894,Vietnam,22.38,104.15944,1.4,12.6,22.1,37,0.77,5.6,29.2,33.8,7,9.1,1,0.1,2,0.1,245.8500061,110
IRIS_313-11895,Vietnam,16.47278,106.66056,1.3,17.7,16.1,46.4,0.73,5.7,27.1,26.5,8.2,9.8,1,0.1,2,0.1,249.1390076,62
IRIS_313-11896,Vietnam,16.47278,106.66056,1.3,17.7,16.1,46.4,0.73,5.7,27.1,26.5,8.2,9.8,1,0.1,2,0.1,249.1390076,62
IRIS_313-11918,India,24.25,81.08333,1.66,39.4,22.1,40.1,0.57,7.2,20.6,39.3,3.8,8,3,0.1,2,0.1,205.9889984,92
IRIS_313-11919,India,23.98333,80.33333,1.68,35.9,8.7,42.5,0.75,7.5,20.9,36.6,3.6,6.5,1,0.2,3,0.3,194.0509949,92
IRIS_313-11920,Thailand,13.54889,101.61583,1.49,13.4,8.4,43.2,0.34,5.8,32.1,24.7,3.1,6.6,3,0.1,2,0.1,244.2519989,98
IRIS_313-11927,Thailand,17.42917,102.98944,1.43,16.9,13.8,37.3,0.39,6.1,32.8,30,4,7.2,3,0.1,4,0.1,235.0130005,110
IRIS_313-11935,Cambodia,12.30083,104.9825,1.34,19.8,10.3,37,1.04,6,25.4,37.7,3.2,11.9,2,0.1,2,0.1,234.4600067,200
IRIS_313-11936,Cambodia,12.30083,104.9825,1.34,19.8,10.3,37,1.04,6,25.4,37.7,3.2,11.9,2,0.1,2,0.1,234.4600067,200
IRIS_313-11945,Bangladesh,23.41667,91.16667,1.37,17.7,9.6,47.7,2.27,5.4,22.5,29.8,27.7,8.9,2,0.1,2,0.1,245.2709961,146
IRIS_313-11957,Thailand,13.03944,101.49194,1.44,14.8,12.1,33.7,0.42,6,31.5,34.8,4.9,8.6,3,0.1,2,0.1,244.2519989,98
IRIS_313-11958,Thailand,13.03944,101.49194,1.44,14.8,12.1,33.7,0.42,6,31.5,34.8,4.9,8.6,3,0.1,2,0.1,244.2519989,98
IRIS_313-11959,Philippines,12.02,123.70861,1.42,13.2,7.1,37.7,1.09,5.4,31.2,31.1,22.2,7.8,1,0.1,1,0.1,234.6029968,110
IRIS_313-11964,Bangladesh,25.83333,89.25,1.42,17,11.9,27.2,1.28,6.1,35.3,37.5,10.3,10,2,0.1,3,0.1,229.6889954,164
IRIS_313-11965,China,23.74889,108.30167,1.38,13,17.2,38.7,0.78,5.4,15.9,45.4,6.3,5.9,1,0.1,1,0.1,257.631012,70
IRIS_313-11966,China,23.74889,108.30167,1.38,13,17.2,38.7,0.78,5.4,15.9,45.4,6.3,5.9,1,0.1,1,0.1,257.631012,70
IRIS_313-11967,China,23.74889,108.30167,1.38,13,17.2,38.7,0.78,5.4,15.9,45.4,6.3,5.9,1,0.1,1,0.1,257.631012,70
IRIS_313-11968,China,23.74889,108.30167,1.38,13,17.2,38.7,0.78,5.4,15.9,45.4,6.3,5.9,1,0.1,1,0.1,257.631012,70
IRIS_313-11969,India,27.1425,80.8575,1.5,20.9,13.4,33.9,0.49,7.3,31.9,34.1,2.4,7.6,2,0.1,2,0.1,226.5570068,146
IRIS_313-11991,Laos,20.49194,101.88889,1.17,18,29.5,36.2,1.53,5.4,28.8,35.1,11.5,7.9,1,0.1,2,0.1,249.1390076,62
IRIS_313-11992,Laos,20.61167,101.94667,1.26,15.5,31.3,38.8,0.9,5.3,26.7,34.4,8.3,6.2,2,0.1,1,0.1,229.7149963,110
IRIS_313-11993,Myanmar,16.5,95.16667,1.28,24.7,17,37.1,1.73,6.5,24.1,38.8,22.6,17.4,2,0.1,2,0.1,260.0100098,200
IRIS_313-11997,Cambodia,12.10194,105.22833,1.36,20.9,7.6,44.2,0.87,5.9,25.3,30.5,5.8,9,1,0.1,2,0.1,209.7740021,52
IRIS_313-11998,Cambodia,11.43056,105.7775,1.39,19.6,6.8,32.6,1.54,6,25.1,42.3,8.4,11.6,17,0.1,15,0.1,224.1589966,200
IRIS_313-11999,Cambodia,12.33194,105.56861,1.35,15.8,20.5,38.9,0.49,6,29,32,6.1,6.9,1,0.1,2,0.1,209.7740021,52
IRIS_313-12000,Cambodia,12.09083,105.06639,1.42,17.7,9.7,42.8,0.68,6,21.2,36,5.9,9.5,1,0.1,2,0.1,234.4600067,200
IRIS_313-12005,Malaysia,2.03028,109.6425,1.15,13.9,13.6,40.2,0.8,5.4,33.7,26.1,31.7,8.7,3,0.1,6,0.1,257.947998,80
IRIS_313-12007,China,23.74889,108.30167,1.38,13,17.2,38.7,0.78,5.4,15.9,45.4,6.3,5.9,1,0.1,1,0.1,257.631012,70
IRIS_313-12009,China,23.74889,108.30167,1.38,13,17.2,38.7,0.78,5.4,15.9,45.4,6.3,5.9,1,0.1,1,0.1,257.631012,70
IRIS_313-12010,China,23.74889,108.30167,1.38,13,17.2,38.7,0.78,5.4,15.9,45.4,6.3,5.9,1,0.1,1,0.1,257.631012,70
IRIS_313-12011,China,23.74889,108.30167,1.38,13,17.2,38.7,0.78,5.4,15.9,45.4,6.3,5.9,1,0.1,1,0.1,257.631012,70
IRIS_313-12012,China,23.74889,108.30167,1.38,13,17.2,38.7,0.78,5.4,15.9,45.4,6.3,5.9,1,0.1,1,0.1,257.631012,70
IRIS_313-12013,India,21.12778,82.80056,1.67,29.2,23.1,42.2,0.52,7.2,22.8,35,3.4,6.2,1,0.1,1,0.1,220.5570068,110
IRIS_313-12027,Indonesia,3,98.33333,1.03,16.7,10.1,43.3,1.76,5,33.6,23.1,42,8.9,1,0.1,2,0.1,241.8800049,110
IRIS_313-12028,Laos,20.49194,101.88889,1.17,18,29.5,36.2,1.53,5.4,28.8,35.1,11.5,7.9,1,0.1,2,0.1,249.1390076,62
IRIS_313-12036,Cambodia,13.85111,106.15528,1.33,18.1,11.9,35.9,0.85,5.9,31.4,32.8,7,14.3,2,0.1,1,0.1,229.7149963,110
IRIS_313-12037,Cambodia,11.36444,104.10306,1.3,16.1,23.6,36.4,0.68,5.4,28.9,34.7,7.5,8.6,1,0.1,2,0.1,229.7149963,110
IRIS_313-12038,Cambodia,11.19333,105.89194,1.34,18.8,7,33.2,1.8,5.5,23,43.9,31.9,11,3,0.1,2,0.1,235.371994,98
IRIS_313-12039,Cambodia,12.92222,103.12306,1.49,13.2,20.8,32.4,0.51,6.4,36.8,30.8,3.5,7,1,0.1,2,0.1,228.7949982,146
IRIS_313-12040,Cambodia,11.84972,106.11639,1.35,15.4,17.2,42.8,0.59,5.4,29.6,27.6,5.5,6.6,1,0.1,2,0.1,209.7740021,52
IRIS_313-12041,Cambodia,11.19333,105.89194,1.34,18.8,7,33.2,1.8,5.5,23,43.9,31.9,11,3,0.1,2,0.1,235.371994,98
IRIS_313-12042,Cambodia,12.04944,105.64333,1.39,16.3,14.5,42.2,0.52,5.5,25.7,32.1,4,7.6,2,0.1,2,0.1,228.6210022,200
IRIS_313-12043,Cambodia,10.78861,104.32167,1.38,17,14.4,33.9,1.16,5.6,33.4,32.7,6.5,9.1,3,0.1,2,0.1,249.1390076,62
IRIS_313-12044,Cambodia,11.36444,105.45667,1.41,19.3,8,27.3,1.71,5.5,30.9,41.8,12.8,14.2,2,0.1,2,0.1,228.6210022,200
IRIS_313-12046,Indonesia,0.5,112,1.15,12.1,5.9,42.2,1.85,4.9,25.5,32.3,235.2,8.7,3,0.1,3,0.1,273.7409973,92
IRIS_313-12049,Laos,16.49667,104.90556,1.37,15.3,20.5,30.1,0.56,5.9,45.2,24.7,6.9,8.3,3,0.1,2,0.1,223.5330048,200
IRIS_313-12050,Myanmar,20.6,96.63333,1.25,14.7,15.6,41.1,0.7,6.1,28.9,30,7.4,8.3,1,0.1,2,0.1,249.1390076,62
IRIS_313-12058,Cambodia,11.8825,104.66833,1.48,17.6,15.2,35.5,0.55,6.5,27.6,36.9,2.6,7,2,0.1,1,0.1,229.7149963,110
IRIS_313-12066,Philippines,13.11139,121.04722,1.2,20.3,18.8,33.1,0.99,5.8,32.4,34.5,10.7,10.5,1,0.1,2,0.1,251.2030029,110
IRIS_313-12078,Vietnam,16.47278,106.66056,1.3,17.7,16.1,46.4,0.73,5.7,27.1,26.5,8.2,9.8,1,0.1,2,0.1,249.1390076,62
IRIS_313-12081,Philippines,13.11139,121.04722,1.2,20.3,18.8,33.1,0.99,5.8,32.4,34.5,10.7,10.5,1,0.1,2,0.1,251.2030029,110
IRIS_313-12096,Cambodia,11.31861,105.04778,1.39,21.5,10.9,40.5,1.09,6,26.1,33.4,5.2,10.5,2,0.1,3,0.1,238.602005,200
IRIS_313-12102,Cambodia,11.43056,105.7775,1.39,19.6,6.8,32.6,1.54,6,25.1,42.3,8.4,11.6,17,0.1,15,0.1,224.1589966,200
IRIS_313-12109,Cambodia,10.93667,104.49472,1.45,10.7,21.6,36.3,1.33,6.1,37.4,26.3,5,7.9,3,0.1,2,0.1,244.2519989,98
IRIS_313-12121,Laos,14.74556,106.95417,1.41,19.4,7.8,33.9,1.43,6.2,32.3,33.8,6.6,10.6,3,0.1,2,0.1,235.371994,98
IRIS_313-12127,Laos,16.38306,105.25833,1.42,15.4,13.1,30.8,0.44,5.8,44.6,24.6,10.3,7.7,2,0.1,1,0.1,229.7149963,110
IRIS_313-12128,Laos,16.38306,105.25833,1.42,15.4,13.1,30.8,0.44,5.8,44.6,24.6,10.3,7.7,2,0.1,1,0.1,229.7149963,110
IRIS_313-12131,Laos,16.67,105.03528,1.43,11.2,16.7,34.3,0.34,5.6,42.4,23.3,4.4,7,3,0.1,2,0.1,245.8500061,110
IRIS_313-12133,Laos,15.90056,105.92139,1.24,13.9,17.7,27,2.65,5.5,37.9,35.1,13.6,13.3,1,0.1,2,0.1,249.1390076,62
IRIS_313-12135,Malaysia,2.55722,113.00083,1.21,11.8,3.1,40,1.43,4.9,27.7,32.3,216.1,7.7,1,0.1,2,0.1,241.8800049,110
IRIS_313-12138,Bhutan,27.03333,91.45,1.09,22.1,25.9,41.2,8.79,5.2,21.4,37.4,21.9,4.4,1,0.1,2,0.1,244.6660004,110
IRIS_313-12142,Cambodia,12.40944,106.75583,1.31,17.4,12.8,40.5,0.71,5.7,31.3,28.1,6.7,10.7,1,0.1,2,0.1,249.1390076,62
IRIS_313-12143,Cambodia,12.33167,105.96333,1.38,17.7,14.4,44.8,0.74,5.9,27.2,28,6.6,13,2,0.1,2,0.1,238.602005,200
IRIS_313-12146,Cambodia,12.05,106.33306,1.34,19.2,9.6,34,0.62,5.7,34.2,31.9,4.3,9.1,1,0.1,2,0.1,249.1390076,62
IRIS_313-12147,Cambodia,12.24972,105.96639,1.39,15.4,10.6,36.6,0.64,5.7,26.6,36.7,4.9,8,2,0.1,3,0.1,238.602005,200
IRIS_313-12148,Cambodia,11.13833,103.92722,1.37,17.2,9.3,37.4,0.54,5.5,27.9,34.6,5.2,9.6,2,0.1,1,0.1,229.7149963,110
IRIS_313-12151,Cambodia,11.05806,104.70694,1.46,17,9.9,38.2,2.59,6.7,32.6,29.2,6.6,10.7,3,0.1,2,0.1,244.2519989,98
IRIS_313-12152,Cambodia,13.57194,102.91667,1.52,18,8.9,37.2,0.43,6,26.1,36.6,3.6,9.8,3,0.1,2,0.1,244.2519989,98
IRIS_313-12161,Cambodia,12.18306,106.88333,1.32,15.3,13.2,37.7,1.01,5.6,29.6,32.7,5.1,9.5,2,0.1,1,0.1,229.7149963,110
IRIS_313-12180,Nepal,28.39972,82.09028,1.27,20.1,26.9,31.6,1,5.9,32,36.4,7.6,9.5,1,0.1,1,0.1,264.2609863,86
IRIS_313-12182,Nepal,26.99861,87.38417,1.34,14.4,21.6,33.1,2.03,5.9,32.4,34.4,5.8,6,1,0.1,1,0.1,264.2609863,86
IRIS_313-12190,Laos,21.49333,101.83,1.23,15,30.9,43.1,0.9,5.2,28.7,28.2,9.5,7,1,0.1,2,0.1,249.1390076,62
IRIS_313-12193,Laos,17.79083,105.08056,1.35,13.3,20.1,37.1,1.56,5.6,30.4,32.5,9.3,10.1,1,0.1,2,0.1,249.1390076,62
IRIS_313-12194,Laos,14.74556,106.95417,1.41,19.4,7.8,33.9,1.43,6.2,32.3,33.8,6.6,10.6,3,0.1,2,0.1,235.371994,98
IRIS_313-12207,Laos,21.49333,101.83,1.23,15,30.9,43.1,0.9,5.2,28.7,28.2,9.5,7,1,0.1,2,0.1,249.1390076,62
IRIS_313-12210,Vietnam,21.57111,103.56361,1.26,16.6,31.2,43.4,1.28,5.5,27,29.6,8.7,6.3,1,0.1,2,0.1,249.1390076,62
IRIS_313-12220,Laos,17,105,1.44,13.1,11.9,31,0.47,5.6,36.7,32.4,4.4,6,1,0.1,2,0.1,245.8500061,110
IRIS_313-12221,Laos,17,105,1.44,13.1,11.9,31,0.47,5.6,36.7,32.4,4.4,6,1,0.1,2,0.1,245.8500061,110
IRIS_313-12222,Laos,16.38306,105.25833,1.42,15.4,13.1,30.8,0.44,5.8,44.6,24.6,10.3,7.7,2,0.1,1,0.1,229.7149963,110
IRIS_313-12224,Laos,17,105,1.44,13.1,11.9,31,0.47,5.6,36.7,32.4,4.4,6,1,0.1,2,0.1,245.8500061,110
IRIS_313-12225,Laos,15.90056,105.92139,1.24,13.9,17.7,27,2.65,5.5,37.9,35.1,13.6,13.3,1,0.1,2,0.1,249.1390076,62
IRIS_313-12229,Laos,20.61167,101.94667,1.26,15.5,31.3,38.8,0.9,5.3,26.7,34.4,8.3,6.2,2,0.1,1,0.1,229.7149963,110
IRIS_313-12231,Laos,17,105,1.44,13.1,11.9,31,0.47,5.6,36.7,32.4,4.4,6,1,0.1,2,0.1,245.8500061,110
IRIS_313-12246,Cambodia,13.66667,104.84,1.41,15.2,7.7,34.3,0.52,6.1,34.5,31.2,5.4,10.6,1,0.1,2,0.1,244.2519989,98
IRIS_313-12247,Cambodia,14.31,104.90306,1.37,22.4,13.5,33.4,0.81,6.1,34.5,32.1,6,11.8,1,0.1,2,0.1,244.2519989,98
IRIS_313-12249,Cambodia,13.52861,105.04361,1.38,20.4,10.9,37.4,0.47,6,29.9,32.7,4.7,10.9,1,0.1,2,0.1,249.1390076,62
IRIS_313-12251,Cambodia,13.38667,105.08444,1.37,15.4,9.4,40.5,0.49,5.9,30.5,29,5.7,10.2,3,0.1,2,0.1,244.2519989,98
IRIS_313-12259,Laos,14.79083,106.07972,1.31,16.9,7.5,29.1,0.77,6,41,29.9,13.4,13.2,2,0.1,1,0.1,229.7149963,110
IRIS_313-12260,Laos,15.90056,105.92139,1.24,13.9,17.7,27,2.65,5.5,37.9,35.1,13.6,13.3,1,0.1,2,0.1,249.1390076,62
IRIS_313-12261,Laos,18.03417,102.59528,1.42,14.9,15.3,37.1,0.59,5.8,28.6,34.3,6.7,8.2,2,0.1,1,0.1,229.7149963,110
IRIS_313-12263,Laos,15.50972,105.99306,1.37,13.7,22.7,32.9,0.53,5.9,38.8,28.3,6.5,11.8,2,0.1,1,0.1,229.7149963,110
IRIS_313-12268,Myanmar,26.36972,96.64278,1.35,18.9,24.1,31.8,2.86,5.5,37,31.2,18.6,12.7,1,0.1,2,0.1,195.4730072,200
IRIS_313-12269,Myanmar,20.98389,92.41472,1.29,20.6,23.8,33.5,1.12,5.4,36.4,30.1,9.1,13,1,0.1,1,0.1,248.3760071,110
IRIS_313-12270,Myanmar,26.36972,96.64278,1.35,18.9,24.1,31.8,2.86,5.5,37,31.2,18.6,12.7,1,0.1,2,0.1,195.4730072,200
IRIS_313-12275,China,27.42639,116.07417,1.33,16.2,23.1,31.7,0.52,5.1,37.9,30.5,10.8,6.5,1,0.1,1,0.1,257.631012,70
IRIS_313-12290,Myanmar,25.30528,97.1,1.25,16.5,35.6,32.3,1.44,5.4,33.7,34,15.5,12.9,1,0.1,2,0.1,239.8809967,110
IRIS_313-12291,Myanmar,22.26139,94.21222,1.36,16.7,20.4,33.3,1.58,5.8,36.1,30.6,16.7,16.3,1,0.1,2,0.1,244.3760071,78
IRIS_313-12296,Myanmar,13.66278,98.43417,1.29,19.3,31.4,35.7,1.04,5.5,33.5,30.8,14.3,13.1,1,0.1,2,0.1,249.1390076,62
IRIS_313-12297,Laos,19.76361,100.53333,1.31,13.6,30.4,45.1,0.56,5.5,23.7,31.2,7,6.3,1,0.1,2,0.1,245.8500061,110
IRIS_313-12300,Laos,20.22333,102.95889,1.23,17.6,24.8,39.7,1.1,5.3,30.6,29.6,12.5,7.2,1,0.1,2,0.1,249.1390076,62
IRIS_313-12301,Laos,18.95333,102.80667,1.2,19.3,31.3,32.7,4.53,5.4,31.6,35.7,10.1,7.8,1,0.1,2,0.1,249.1390076,62
IRIS_313-12302,Laos,20,102,1.22,16.3,26.7,41,1.25,5.4,30.1,28.9,14.2,5.8,1,0.1,2,0.1,249.1390076,62
IRIS_313-12305,Laos,16.38778,105.375,1.45,12.4,12.5,30.7,0.38,5.6,41.8,27.5,6.5,6.4,3,0.1,2,0.1,241.1900024,86
IRIS_313-12308,Laos,15.90083,105.92139,1.24,13.9,17.7,27,2.65,5.5,37.9,35.1,13.6,13.3,1,0.1,2,0.1,249.1390076,62
IRIS_313-12309,Laos,16.80944,105.34417,1.42,13.2,9,31.4,0.46,5.7,35.9,32.8,4.9,6.5,3,0.1,2,0.1,241.1900024,86
IRIS_313-12329,Laos,17.75444,101.20472,1.37,14.6,21.3,43,0.6,5.5,31.8,25.2,5.9,6.2,1,0.1,2,0.1,249.1390076,62
IRIS_313-12334,Laos,19.31944,101.69028,1.42,15.1,22.2,36,0.75,5.7,31.3,32.7,5.8,6.5,1,0.1,2,0.1,249.1390076,62
IRIS_313-12354,Laos,20.78472,100.65194,1.25,15.2,28.4,31.5,1.01,5.3,26.5,42.1,8.4,6.6,1,0.1,2,0.1,245.8500061,110
IRIS_313-7736,India,21.12778,82.80056,1.67,29.2,23.1,42.2,0.52,7.2,22.8,35,3.4,6.2,1,0.1,1,0.1,220.5570068,110
IRIS_313-7780,India,21.12778,82.80056,1.67,29.2,23.1,42.2,0.52,7.2,22.8,35,3.4,6.2,1,0.1,1,0.1,220.5570068,110
IRIS_313-8244,SriLanka,6.83194,81.01083,1.18,13.7,16.6,40.2,1.4,5.4,32.3,27.4,13.3,10.2,1,0.1,1,0.1,223.7779999,146
IRIS_313-8265,India,21.12778,82.80056,1.67,29.2,23.1,42.2,0.52,7.2,22.8,35,3.4,6.2,1,0.1,1,0.1,220.5570068,110
IRIS_313-8291,Indonesia,5.23333,95.28333,1.23,13.1,11.3,42.8,0.97,5.4,28.4,28.8,8.6,7.9,1,0.1,1,0.1,247.6829987,22
IRIS_313-8305,India,21.12778,82.80056,1.67,29.2,23.1,42.2,0.52,7.2,22.8,35,3.4,6.2,1,0.1,1,0.1,220.5570068,110
IRIS_313-8312,Malaysia,5.28333,115.7,1.17,21.5,16.2,41.4,1.67,5.4,28.9,29.7,162.9,13.4,1,0.1,2,0.1,240.0930023,110
IRIS_313-8316,Malaysia,2.03028,109.6425,1.15,13.9,13.6,40.2,0.8,5.4,33.7,26.1,31.7,8.7,3,0.1,6,0.1,257.947998,80
IRIS_313-8341,Vietnam,16.47278,106.66056,1.3,17.7,16.1,46.4,0.73,5.7,27.1,26.5,8.2,9.8,1,0.1,2,0.1,249.1390076,62
IRIS_313-8383,Philippines,13.11139,121.04722,1.2,20.3,18.8,33.1,0.99,5.8,32.4,34.5,10.7,10.5,1,0.1,2,0.1,251.2030029,110
IRIS_313-8407,Malaysia,2.03028,109.6425,1.15,13.9,13.6,40.2,0.8,5.4,33.7,26.1,31.7,8.7,3,0.1,6,0.1,257.947998,80
IRIS_313-8435,India,27.1425,80.8575,1.5,20.9,13.4,33.9,0.49,7.3,31.9,34.1,2.4,7.6,2,0.1,2,0.1,226.5570068,146
IRIS_313-8457,Indonesia,4.08333,96.36667,1.14,18.8,8,43.9,2.34,5.1,29.1,27.1,88.6,9.9,2,0.1,2,0.1,246.1150055,200
IRIS_313-8468,Malaysia,2.03028,109.6425,1.15,13.9,13.6,40.2,0.8,5.4,33.7,26.1,31.7,8.7,3,0.1,6,0.1,257.947998,80
IRIS_313-8474,Thailand,19.15,99.58333,1.32,11.9,24.2,42.7,1.03,5.6,34.5,22.8,9.2,6.5,1,0.1,2,0.1,237.2030029,98
IRIS_313-8485,Thailand,16,103,1.52,15.8,20,37.2,0.39,5.8,36.1,26.7,4.5,6.7,3,0.1,4,0.1,235.0130005,110
IRIS_313-8492,Malaysia,5.53333,115.56667,1.12,21.6,9.3,41,3.41,5.4,25.3,33.7,136,16.2,1,0.1,2,0.1,240.0930023,110
IRIS_313-8493,Indonesia,3.05,97.33333,1.06,22.2,6.5,45.8,2.68,5.3,20.9,33.4,85.9,20.3,2,0.1,2,0.1,191.5509949,999
IRIS_313-8509,Bangladesh,25.66667,88.75,1.4,16.9,8.3,33.7,0.81,6.6,24,42.3,5.3,8.2,2,0.1,3,0.1,229.6889954,164
IRIS_313-8530,India,21.12778,82.80056,1.67,29.2,23.1,42.2,0.52,7.2,22.8,35,3.4,6.2,1,0.1,1,0.1,220.5570068,110
IRIS_313-8536,Indonesia,0.86361,109.89389,1.06,11.8,10.4,46.9,1.11,5.2,28.5,24.6,38.5,7.4,1,0.1,2,0.1,241.8800049,110
IRIS_313-8557,Malaysia,2.03028,109.6425,1.15,13.9,13.6,40.2,0.8,5.4,33.7,26.1,31.7,8.7,3,0.1,6,0.1,257.947998,80
IRIS_313-8567,Philippines,15.96667,120.21667,1.46,27.3,8,34.2,1.04,6.4,25.4,40.4,9.3,12.1,3,0.1,2,0.1,246.6349945,200
IRIS_313-8591,Malaysia,2.03028,109.6425,1.15,13.9,13.6,40.2,0.8,5.4,33.7,26.1,31.7,8.7,3,0.1,6,0.1,257.947998,80
IRIS_313-8614,India,21.12778,82.80056,1.67,29.2,23.1,42.2,0.52,7.2,22.8,35,3.4,6.2,1,0.1,1,0.1,220.5570068,110
IRIS_313-8631,India,26.61639,74.26667,1.58,11.5,10.8,26,0.36,7.7,39.5,34.5,2.8,6.2,2,0.7,3,1.6,243.5780029,110
IRIS_313-8632,Bangladesh,26,89.33333,1.38,16.7,10.2,30.7,1.23,6,41.9,27.4,7.5,5.2,2,0.1,3,0.1,229.6889954,164
IRIS_313-8643,Indonesia,-1.37556,113.29028,1.27,11.6,6.4,49.1,0.8,4.9,26.8,24.1,124,7.3,3,0.1,6,0.1,257.947998,80
IRIS_313-8659,Myanmar,24.48778,95.52333,1.38,18.3,19.3,36.3,0.69,5.6,32.1,31.6,6.4,6.7,1,0.1,2,0.1,249.404007,62
IRIS_313-8683,Bangladesh,23.5,91.91667,1.42,14.8,22.3,41.5,0.86,5.4,28.8,29.7,6.1,5.9,1,0.1,1,0.1,248.3760071,110
IRIS_313-8699,SriLanka,8.55,80.43333,1.4,18.8,15.9,36.3,0.87,5.7,40.8,22.9,15.1,7.8,1,0.1,1,0.1,220.5930023,110
IRIS_313-8703,Bangladesh,23.61167,90.33972,1.35,18.6,8,45.3,1.27,5.7,24.1,30.7,24.3,9.2,2,0.1,2,0.1,230.4100037,200
IRIS_313-8704,India,26.33333,78.75,1.48,21.9,8.9,26.9,0.51,8,37.6,35.5,4.2,9.7,2,0.1,2,0.1,226.0930023,110
IRIS_313-8717,Bangladesh,24.5,90.33333,1.4,16,8.1,36.8,0.77,5.7,27.8,35.3,8,10.2,1,0.1,1,0.1,230.4100037,110
IRIS_313-8723,Malaysia,2.03028,109.6425,1.15,13.9,13.6,40.2,0.8,5.4,33.7,26.1,31.7,8.7,3,0.1,6,0.1,257.947998,80
IRIS_313-8725,Indonesia,-0.83333,119.66667,1.36,21,12.9,41.4,2.19,5.5,31.3,27.3,30.1,7.5,1,0.1,2,0.1,240.0930023,110
IRIS_313-8727,India,21.12778,82.80056,1.67,29.2,23.1,42.2,0.52,7.2,22.8,35,3.4,6.2,1,0.1,1,0.1,220.5570068,110
IRIS_313-8731,India,23.98333,80.33333,1.68,35.9,8.7,42.5,0.75,7.5,20.9,36.6,3.6,6.5,1,0.2,3,0.3,194.0509949,92
IRIS_313-8737,Bangladesh,23.61167,90.33972,1.35,18.6,8,45.3,1.27,5.7,24.1,30.7,24.3,9.2,2,0.1,2,0.1,230.4100037,200
IRIS_313-8743,Taiwan,23.6,120.65389,1.31,12.8,14,37.2,1.06,5.1,23.9,38.9,8.6,10.9,2,0.1,2,0.1,261.5109863,70
IRIS_313-8744,Indonesia,-6.75,107.49972,1.1,20.6,9.3,47.6,1.18,5.4,24.7,27.7,15.4,10.6,1,0.1,2,0.1,250.8309937,110
IRIS_313-8751,Myanmar,17,96.03333,1.33,26,17.6,36.7,1.41,6.2,25.9,37.5,36.7,15.3,2,0.1,2,0.1,260.0100098,200
IRIS_313-8754,India,26,81.53333,1.54,20.8,15.7,31.7,0.55,7.3,24.2,44.2,2.8,9.2,2,0.1,2,0.1,226.5570068,146
IRIS_313-8757,India,23.97472,78.42111,1.68,37.7,15.5,34.7,0.49,7.6,22.2,43.1,4.3,6.9,1,0.1,1,0.2,194.0509949,92
IRIS_313-8767,Indonesia,5.23333,95.28333,1.23,13.1,11.3,42.8,0.97,5.4,28.4,28.8,8.6,7.9,1,0.1,1,0.1,247.6829987,22
IRIS_313-8781,Malaysia,2.03028,109.6425,1.15,13.9,13.6,40.2,0.8,5.4,33.7,26.1,31.7,8.7,3,0.1,6,0.1,257.947998,80
IRIS_313-8793,Myanmar,21.7225,98.66694,1.3,15.1,30.3,41.8,0.95,5.5,27.9,30.3,10.2,8.5,1,0.1,2,0.1,249.1390076,62
IRIS_313-8796,India,23.98333,80.33333,1.68,35.9,8.7,42.5,0.75,7.5,20.9,36.6,3.6,6.5,1,0.2,3,0.3,194.0509949,92
IRIS_313-8811,Malaysia,5.71667,115.95,1.21,23.4,6.2,45.7,1.84,5.6,22.3,32,134.1,14.9,1,0.1,1,0.1,196.8309937,200
IRIS_313-8831,Indonesia,-1.16111,116.88528,1.22,18.5,6.9,41.8,2.1,5.2,26.2,32,164.2,10.4,2,0.1,2,0.1,273.7409973,92
IRIS_313-8833,Indonesia,1.83278,98.75694,1.14,9.4,11.8,50,0.88,5.1,30,20,35.7,7.9,1,0.1,1,0.1,246.1150055,110
IRIS_313-8850,Bangladesh,24.5,90.33333,1.4,16,8.1,36.8,0.77,5.7,27.8,35.3,8,10.2,1,0.1,1,0.1,230.4100037,110
IRIS_313-8854,Bangladesh,22.5,91.83333,1.35,17.2,7.8,38.8,0.94,5.3,24.3,36.9,12.9,9.3,2,0.1,2,0.1,230.4100037,200
IRIS_313-8870,Thailand,13.20167,101.25194,1.47,11.3,5.7,36,0.42,6,36.4,27.6,7.4,7.2,3,0.1,2,0.1,244.2519989,98
IRIS_313-8920,India,23.97472,78.42111,1.68,37.7,15.5,34.7,0.49,7.6,22.2,43.1,4.3,6.9,1,0.1,1,0.2,194.0509949,92
IRIS_313-8922,Indonesia,-3.29472,104.14194,1.25,22.8,6.7,54.3,0.96,5.1,16.5,29.3,105.3,11.3,2,0.1,2,0.1,191.5509949,200
IRIS_313-8925,SriLanka,6.7,80.38333,1.12,28.8,11.7,39.2,4.28,5.5,27.3,33.6,61.1,14,1,0.1,2,0.1,252.2200012,146
IRIS_313-8932,Bangladesh,24.91361,89.33583,1.39,16.3,8.6,33.5,0.95,6.6,21.5,45,7.8,8.7,2,0.1,2,0.1,230.4100037,200
IRIS_313-8948,Philippines,16.67667,120.49028,1.29,19.6,28.4,37.3,1.01,5.6,26.6,36.1,5.2,8.3,1,0.1,1,0.1,234.6029968,110
IRIS_313-8956,Indonesia,-2.69056,119.02583,1.19,15.7,12.2,42.9,1.4,5.1,25.9,31.2,32.6,9.5,1,0.1,2,0.1,241.8800049,110
IRIS_313-8968,SriLanka,7.93333,81,1.35,22.3,11.9,35.6,1.24,6.1,28.2,36.2,15.8,10.3,2,0.1,3,0.1,243.7649994,200
IRIS_313-8978,Indonesia,5.05,95.36667,1.24,16.1,11.6,44.2,1.19,5.2,26,29.9,22.4,8.3,1,0.1,2,0.1,245.7039948,110
IRIS_313-8988,India,21.33333,79.48333,1.76,45,19.3,47.6,0.43,7.7,13.2,39.1,3.3,6.9,1,0.2,3,0.3,194.0509949,92
IRIS_313-9005,Indonesia,-2.69056,119.02583,1.19,15.7,12.2,42.9,1.4,5.1,25.9,31.2,32.6,9.5,1,0.1,2,0.1,241.8800049,110
IRIS_313-9019,Thailand,18.5,98.33333,1.36,11.3,26,35.2,0.62,5.9,42.4,22.4,5.8,6.5,1,0.1,2,0.1,249.1390076,62
IRIS_313-9020,Thailand,14.83333,100.66667,1.51,20,14.3,36.5,0.4,6.5,22.1,41.4,10.4,8.4,1,0.1,2,0.1,233.7779999,52
IRIS_313-9049,Bangladesh,23.61167,90.33972,1.35,18.6,8,45.3,1.27,5.7,24.1,30.7,24.3,9.2,2,0.1,2,0.1,230.4100037,200
IRIS_313-9054,Indonesia,4.02694,96.62972,1.19,16.4,10.5,47.5,1.13,4.9,31.6,21,60.4,7.6,1,0.1,1,0.1,246.1150055,110
IRIS_313-9067,Bangladesh,23.61167,90.33972,1.35,18.6,8,45.3,1.27,5.7,24.1,30.7,24.3,9.2,2,0.1,2,0.1,230.4100037,200
IRIS_313-9070,Malaysia,2.03028,109.6425,1.15,13.9,13.6,40.2,0.8,5.4,33.7,26.1,31.7,8.7,3,0.1,6,0.1,257.947998,80
IRIS_313-9072,Bangladesh,23.61167,90.33972,1.35,18.6,8,45.3,1.27,5.7,24.1,30.7,24.3,9.2,2,0.1,2,0.1,230.4100037,200
IRIS_313-9097,Indonesia,5.5,95.33333,1.37,18.3,8.9,38.3,1.33,5.5,31.6,30.1,19.4,9.4,2,0.1,2,0.1,211.0160065,22
IRIS_313-9098,Indonesia,4.08333,96.25,1,22.3,7.7,40.7,2.26,5.4,26.5,32.8,108.2,18.1,2,0.1,2,0.1,191.5509949,200
IRIS_313-9102,Malaysia,5.81667,117.43333,0.83,26.4,13.4,39.5,1.41,5.4,25.8,34.7,59.7,20.9,17,0.1,15,0.1,240.0930023,110
IRIS_313-9112,Thailand,13.03944,101.49194,1.44,14.8,12.1,33.7,0.42,6,31.5,34.8,4.9,8.6,3,0.1,2,0.1,244.2519989,98
IRIS_313-9115,Thailand,13.03944,101.49194,1.44,14.8,12.1,33.7,0.42,6,31.5,34.8,4.9,8.6,3,0.1,2,0.1,244.2519989,98
IRIS_313-9117,Indonesia,-3.1225,115.90472,1.2,16.8,7.1,41.7,0.94,4.9,28.7,29.6,147.9,9.7,2,0.1,3,0.1,269.7609863,62
IRIS_313-9119,Thailand,13.03944,101.49194,1.44,14.8,12.1,33.7,0.42,6,31.5,34.8,4.9,8.6,3,0.1,2,0.1,244.2519989,98
IRIS_313-9131,Vietnam,16.47278,106.66056,1.3,17.7,16.1,46.4,0.73,5.7,27.1,26.5,8.2,9.8,1,0.1,2,0.1,249.1390076,62
IRIS_313-9139,Bangladesh,23.61167,90.33972,1.35,18.6,8,45.3,1.27,5.7,24.1,30.7,24.3,9.2,2,0.1,2,0.1,230.4100037,200
IRIS_313-9174,Bangladesh,23.61167,90.33972,1.35,18.6,8,45.3,1.27,5.7,24.1,30.7,24.3,9.2,2,0.1,2,0.1,230.4100037,200
IRIS_313-9182,Myanmar,18.68361,96.68306,1.38,20.6,22.9,32.8,0.79,5.5,36.6,30.6,11.1,6.5,2,0.1,2,0.1,220.6580048,164
IRIS_313-9188,Indonesia,1.11667,97.76667,1.13,19.4,4.1,44.2,1.47,5,25.3,30.6,193.9,13.3,2,0.1,2,0.1,225.5370026,200
IRIS_313-9198,Laos,18.59222,102.17278,1.34,15.6,22.8,36.4,0.82,5.3,31.2,32.4,7.8,6.5,1,0.1,2,0.1,245.8500061,110
IRIS_313-9208,Indonesia,-1.22333,100.44778,1.13,14.5,8.3,48.2,1.04,5.1,22.2,29.6,112.4,10.7,1,0.1,1,0.1,211.8679962,110
IRIS_313-9210,Malaysia,2.03028,109.6425,1.15,13.9,13.6,40.2,0.8,5.4,33.7,26.1,31.7,8.7,3,0.1,6,0.1,257.947998,80
IRIS_313-9218,Bangladesh,22.5,91.83333,1.35,17.2,7.8,38.8,0.94,5.3,24.3,36.9,12.9,9.3,2,0.1,2,0.1,230.4100037,200
IRIS_313-9251,Indonesia,0.86361,109.89389,1.06,11.8,10.4,46.9,1.11,5.2,28.5,24.6,38.5,7.4,1,0.1,2,0.1,241.8800049,110
IRIS_313-9262,Bangladesh,23.61167,90.33972,1.35,18.6,8,45.3,1.27,5.7,24.1,30.7,24.3,9.2,2,0.1,2,0.1,230.4100037,200
IRIS_313-9271,Bangladesh,24.5,90.33333,1.4,16,8.1,36.8,0.77,5.7,27.8,35.3,8,10.2,1,0.1,1,0.1,230.4100037,110
IRIS_313-9273,Indonesia,-2.69056,119.02583,1.19,15.7,12.2,42.9,1.4,5.1,25.9,31.2,32.6,9.5,1,0.1,2,0.1,241.8800049,110
IRIS_313-9281,Thailand,12.5,102.5,1.39,13.3,9.4,38.8,0.7,5.2,30,31.2,5.2,6.9,1,0.1,2,0.1,245.8500061,110
IRIS_313-9302,Thailand,13.03944,101.49194,1.44,14.8,12.1,33.7,0.42,6,31.5,34.8,4.9,8.6,3,0.1,2,0.1,244.2519989,98
IRIS_313-9310,Indonesia,4.08333,96.25,1,22.3,7.7,40.7,2.26,5.4,26.5,32.8,108.2,18.1,2,0.1,2,0.1,191.5509949,200
IRIS_313-9317,Vietnam,20,105.5,1.4,15.3,5.9,39.4,0.68,6.3,23.7,36.8,7.9,8.9,2,0.1,2,0.1,228.6210022,200
IRIS_313-9320,Indonesia,-2.69056,119.02583,1.19,15.7,12.2,42.9,1.4,5.1,25.9,31.2,32.6,9.5,1,0.1,2,0.1,241.8800049,110
IRIS_313-9357,Thailand,13.03944,101.49194,1.44,14.8,12.1,33.7,0.42,6,31.5,34.8,4.9,8.6,3,0.1,2,0.1,244.2519989,98
IRIS_313-9360,India,21.12778,82.80056,1.67,29.2,23.1,42.2,0.52,7.2,22.8,35,3.4,6.2,1,0.1,1,0.1,220.5570068,110
IRIS_313-9384,India,15.58389,73.85528,1.32,21.1,18.4,34.1,4.76,6.4,34.6,31.3,30.9,13.7,3,0.1,4,0.1,259.5629883,152
IRIS_313-9391,Bangladesh,22.25,92,1.3,18.9,8.2,38.2,1.04,5.5,30.4,31.5,12.6,8.9,2,0.1,2,0.1,248.3760071,200
IRIS_313-9397,Bangladesh,23.61167,90.33972,1.35,18.6,8,45.3,1.27,5.7,24.1,30.7,24.3,9.2,2,0.1,2,0.1,230.4100037,200
IRIS_313-9406,Thailand,12.86667,101.86667,1.34,17.2,21.7,41.6,0.69,5.4,26.8,31.7,6.1,7.9,3,0.1,2,0.1,244.2519989,98
IRIS_313-9424,India,25.83333,93.43333,1.41,16.4,22.5,45.9,1.49,5.7,29,25.1,13.5,7.1,2,0.1,2,0.1,241.3040009,110
IRIS_313-9429,Vietnam,16.47278,106.66056,1.3,17.7,16.1,46.4,0.73,5.7,27.1,26.5,8.2,9.8,1,0.1,2,0.1,249.1390076,62
IRIS_313-9451,Thailand,13.03944,101.49194,1.44,14.8,12.1,33.7,0.42,6,31.5,34.8,4.9,8.6,3,0.1,2,0.1,244.2519989,98
IRIS_313-9484,India,22.66667,80.33306,1.81,44.7,15.3,48.7,0.45,7.6,10.8,40.4,3.7,7.3,1,0.2,3,0.3,194.0509949,92
IRIS_313-9492,India,21.12778,82.80056,1.67,29.2,23.1,42.2,0.52,7.2,22.8,35,3.4,6.2,1,0.1,1,0.1,220.5570068,110
IRIS_313-9505,Philippines,13.11139,121.04722,1.2,20.3,18.8,33.1,0.99,5.8,32.4,34.5,10.7,10.5,1,0.1,2,0.1,251.2030029,110
IRIS_313-9567,Thailand,13.03944,101.49194,1.44,14.8,12.1,33.7,0.42,6,31.5,34.8,4.9,8.6,3,0.1,2,0.1,244.2519989,98
IRIS_313-9574,Brunei,4.53389,114.75167,1.18,15.1,10.2,35.2,1.23,5.1,30.3,34.5,207.2,12.3,1,0.1,2,0.1,240.0930023,110
IRIS_313-9582,Malaysia,2.55722,113.00083,1.21,11.8,3.1,40,1.43,4.9,27.7,32.3,216.1,7.7,1,0.1,2,0.1,241.8800049,110
IRIS_313-9594,Bangladesh,22.58333,92.33333,1.26,20.4,23.9,36.3,0.83,5.3,31.5,32.2,4.8,6.7,1,0.1,1,0.1,248.3760071,999
IRIS_313-9605,India,27.1425,80.8575,1.5,20.9,13.4,33.9,0.49,7.3,31.9,34.1,2.4,7.6,2,0.1,2,0.1,226.5570068,146
IRIS_313-9606,Bangladesh,23.61167,90.33972,1.35,18.6,8,45.3,1.27,5.7,24.1,30.7,24.3,9.2,2,0.1,2,0.1,230.4100037,200
IRIS_313-9617,Bangladesh,23.61167,90.33972,1.35,18.6,8,45.3,1.27,5.7,24.1,30.7,24.3,9.2,2,0.1,2,0.1,230.4100037,200
IRIS_313-9637,Vietnam,16.47278,106.66056,1.3,17.7,16.1,46.4,0.73,5.7,27.1,26.5,8.2,9.8,1,0.1,2,0.1,249.1390076,62
IRIS_313-9669,Thailand,18.83333,99.5,1.37,13.8,22.7,35.6,0.5,5.8,37.1,27.3,5,7.3,1,0.1,2,0.1,249.1390076,110
IRIS_313-9694,Malaysia,4.93333,115.88333,1.14,16,11.6,49,1.48,5.3,24.4,26.7,44.7,14.9,1,0.1,2,0.1,240.0930023,110
IRIS_313-9697,Thailand,7.46667,99.68333,1.3,15.1,10,43.1,0.93,5.4,24.3,32.6,9.2,9.9,1,0.1,2,0.1,237.2030029,110
IRIS_313-9699,Malaysia,2.03028,109.6425,1.15,13.9,13.6,40.2,0.8,5.4,33.7,26.1,31.7,8.7,3,0.1,6,0.1,257.947998,80
IRIS_313-9730,China,27.57667,111.55833,1.45,19.5,23.2,35.9,0.72,5.9,24.6,39.5,7,6,2,0.1,2,0.1,245.9160004,110
IRIS_313-9831,SriLanka,6.84639,80.03194,1.19,21,7.3,33.9,2.11,5.5,30.9,35.2,21.2,12.1,2,0.1,3,0.1,252.2200012,146
IRIS_313-9968,SriLanka,9.20833,80.56917,1.3,22.1,15.5,33.6,2.2,6,35.8,30.6,24.3,17.4,1,0.1,1,0.1,220.5930023,110
IRIS_313-9970,SriLanka,8.56833,81.07889,1.34,24.4,17,32.9,2.04,6,29.2,37.9,31.2,12,1,0.1,1,0.1,233.6000061,86